TAZ_index_1,TAZ_index_2,Dis_TAZ
4,4,0
12,4,5272.224478
13,4,4681.394932
24,4,11566.83873
41,4,12183.53856
42,4,14464.14616
43,4,8723.15812
45,4,2883.004036
48,4,5835.633639
50,4,6561.942469
68,4,4434.895459
74,4,12203.2223
75,4,10338.86572
79,4,1148.796252
87,4,4212.032194
88,4,4874.498712
90,4,3516.499463
100,4,4566.020252
107,4,2075.882961
113,4,2325.028527
114,4,2370.104348
116,4,15506.09727
120,4,18807.00319
125,4,3417.598124
127,4,21889.855
128,4,22626.32318
137,4,2451.933026
140,4,6612.281948
141,4,6633.80612
142,4,7347.180171
143,4,7763.902048
144,4,2260.324832
148,4,1704.061821
151,4,10950.36311
152,4,14088.29115
158,4,3930.568052
161,4,5036.59911
162,4,4866.135118
163,4,5975.926421
164,4,3758.945612
166,4,12710.1712
170,4,3529.042554
186,4,4022.591539
209,4,3671.50409
211,4,2735.115229
224,4,1185.933181
229,4,5020.584044
230,4,5359.685294
231,4,3551.355522
232,4,1486.439545
233,4,3911.622589
234,4,2862.035102
236,4,8620.855085
237,4,6711.639774
238,4,9995.935387
239,4,8849.839251
243,4,20214.07038
244,4,17787.90727
246,4,5284.177057
249,4,3293.193657
261,4,4551.381075
262,4,8383.756745
263,4,8585.035151
4,12,5272.224478
12,12,0
13,12,1336.490421
24,12,15583.11589
41,12,16528.03047
42,12,18881.96076
43,12,12944.15859
45,12,2389.307564
48,12,9170.901463
50,12,9572.275658
68,12,6904.183013
74,12,16856.82477
75,12,14968.58119
79,12,4899.898978
87,12,1062.195601
88,12,454.7200225
90,12,6136.875769
100,12,8003.834567
107,12,6088.11049
113,12,4954.099439
114,12,4243.523921
116,12,19703.10716
120,12,23166.67544
125,12,3544.478707
127,12,26268.10866
128,12,26900.32764
137,12,7017.300037
140,12,11412.97175
141,12,11277.1005
142,12,11054.67253
143,12,11169.15867
144,12,3354.370084
148,12,3613.359475
151,12,14925.74333
152,12,18250.93081
158,12,4769.783936
161,12,9123.723642
162,12,9244.480101
163,12,9972.589099
164,12,7508.69041
166,12,16759.28724
170,12,7767.608358
186,12,7169.209696
209,12,1601.254482
211,12,3449.276258
224,12,6066.343977
229,12,9691.291422
230,12,9054.960576
231,12,2339.432094
232,12,4014.556066
233,12,8533.981779
234,12,6162.330142
236,12,13119.10538
237,12,11134.17864
238,12,13874.25104
239,12,12593.54926
243,12,24463.34246
244,12,22004.79252
246,12,7509.076928
249,12,4855.685792
261,12,952.4174039
262,12,13193.84647
263,12,13256.49528
4,13,4681.394932
12,13,1336.490421
13,13,0
24,13,14366.60665
41,13,15362.11892
42,13,17720.39662
43,13,11780.04282
45,13,1996.645217
48,13,7934.310541
50,13,8297.267233
68,13,5640.25702
74,13,15760.46514
75,13,13877.05948
79,13,4061.5466
87,13,1225.892375
88,13,1372.264633
90,13,4925.092141
100,13,6808.300413
107,13,5095.641842
113,13,3870.142424
114,13,3172.687456
116,13,18497.52588
120,13,21980.7122
125,13,2301.485236
127,13,25079.51039
128,13,25691.49976
137,13,6068.051344
140,13,10405.96364
141,13,10225.64869
142,13,9833.248953
143,13,9911.789352
144,13,2497.821089
148,13,2980.887696
151,13,13707.06034
152,13,17044.81279
158,13,3469.064122
161,13,7993.969776
162,13,8167.980951
163,13,8809.436125
164,13,6376.220594
166,13,15541.77295
170,13,6709.836616
186,13,5967.472163
209,13,1448.980954
211,13,2376.837235
224,13,5268.703379
229,13,8674.825882
230,13,7865.631175
231,13,1241.936679
232,13,3700.833747
233,13,7534.388427
234,13,5041.276506
236,13,12010.01534
237,13,10031.44383
238,13,12648.91988
239,13,11360.76047
243,13,23254.57215
244,13,20795.99626
246,13,6209.909756
249,13,3622.099405
261,13,545.0400546
262,13,12170.02683
263,13,12190.0279
4,24,11566.83873
12,24,15583.11589
13,24,14366.60665
24,24,0
41,24,1617.157056
42,24,3647.509484
43,24,2865.831305
45,24,13648.07136
48,24,6438.256436
50,24,6204.531843
68,24,8754.701275
74,24,3134.075047
75,24,2813.577733
79,24,11162.51362
87,24,14745.84944
88,24,15370.55161
90,24,9448.665999
100,24,7581.316178
107,24,9796.300987
113,24,10692.13968
114,24,11389.71068
116,24,4138.952709
120,24,7660.118802
125,24,12066.03132
127,24,10741.26329
128,24,11325.43543
137,24,9127.293758
140,24,5495.785869
141,24,5189.888824
142,24,4533.375117
143,24,4550.600408
144,24,12419.78115
148,24,12526.68172
151,24,661.0997667
152,24,2690.079489
158,24,10965.74828
161,24,6601.608311
162,24,6700.812061
163,24,5682.03349
164,24,8149.06178
166,24,1176.194461
170,24,8101.494508
186,24,8413.919227
209,24,14298.34914
211,24,12157.68758
224,24,10384.71982
229,24,6651.001946
230,24,6537.867507
231,24,13243.78127
232,24,12968.59024
233,24,7672.259597
234,24,9476.572962
236,24,3303.571001
237,24,4903.9623
238,24,1728.762378
239,24,3025.82726
243,24,8888.888315
244,24,6431.01778
246,24,8341.039624
249,24,10745.05089
261,24,14632.79935
262,24,4372.118373
263,24,3772.949002
4,41,12183.53856
12,41,16528.03047
13,41,15362.11892
24,41,1617.157056
41,41,0
42,41,2359.245209
43,41,3584.157103
45,41,14474.7497
48,41,7529.475491
50,41,7429.08057
68,41,9840.777518
74,41,1620.735658
75,41,2194.684912
79,41,11916.68474
87,41,15638.13573
88,41,16282.82908
90,41,10443.45197
100,41,8557.989491
107,41,10572.14631
113,41,11582.88741
114,41,12291.51127
116,41,3350.013159
120,41,6656.547752
125,41,13065.51062
127,41,9756.94142
128,41,10450.99786
137,41,9802.227316
140,41,5724.613105
141,41,5574.44361
142,41,5630.950817
143,41,5811.659996
144,41,13274.23224
148,41,13302.39044
151,41,2099.403703
152,41,2025.385015
158,41,12041.58602
161,41,7415.097121
162,41,7386.599065
163,41,6556.623725
164,41,9022.084196
166,41,1387.991806
170,41,8852.466965
186,41,9399.628044
209,41,15164.94697
211,41,13079.81516
224,41,11024.29179
229,41,7166.403542
230,41,7499.892102
231,41,14195.93058
232,41,13633.84367
233,41,8279.116202
234,41,10368.30506
236,41,3571.043752
237,41,5488.870026
238,41,3052.016957
239,41,4270.415553
243,41,8031.696194
244,41,5607.307191
246,41,9524.243799
249,41,11751.89675
261,41,15586.38677
262,41,4209.747298
263,41,3759.556075
4,42,14464.14616
12,42,18881.96076
13,42,17720.39662
24,42,3647.509484
41,42,2359.245209
42,42,0
43,42,5940.790088
45,42,16810.96346
48,42,9881.919657
50,42,9753.515941
68,42,12196.2499
74,42,2542.115656
75,42,4191.049773
79,42,14240.49141
87,42,17985.46832
88,42,18632.75889
90,42,12802.58276
100,42,10917.14263
107,42,12904.44346
113,42,13933.6079
114,42,14642.94421
116,42,1550.043204
120,42,4342.949118
125,42,15424.34852
127,42,7430.688551
128,42,8170.643249
137,42,12111.65192
140,42,7914.017689
141,42,7831.34714
142,42,7977.963398
143,42,8118.226316
144,42,15617.38409
148,42,15628.63506
151,42,4267.573215
152,42,1448.955854
158,42,14398.99981
161,42,9763.154493
162,42,9711.400189
163,42,8913.049452
164,42,11374.02646
166,42,2671.466129
170,42,11184.71008
186,42,11758.76982
209,42,17508.29501
211,42,15433.04688
224,42,13317.5286
229,42,9444.683735
230,42,9859.061322
231,42,16551.57343
232,42,15926.70835
233,42,10576.93514
234,42,12720.53584
236,42,5848.302232
237,42,7806.6703
238,42,5306.660854
239,42,6572.780149
243,42,5784.233932
244,42,3450.76395
246,42,11863.76867
249,42,14111.06333
261,42,17941.58386
262,42,6256.700057
263,42,5918.24533
4,43,8723.15812
12,43,12944.15859
13,43,11780.04282
24,43,2865.831305
41,43,3584.157103
42,43,5940.790088
43,43,0
45,43,10909.93186
48,43,4019.034351
50,43,4067.558095
68,43,6299.462658
74,43,4172.732009
75,43,2466.831586
79,43,8375.191827
87,43,12059.16498
88,43,12701.40779
90,43,6866.028672
100,43,4981.726094
107,43,7018.740738
113,43,8001.501986
114,43,8709.374721
116,43,6818.09849
120,43,10229.51139
125,43,9485.38483
127,43,13331.56176
128,43,13997.52797
137,43,6297.652452
140,43,2773.223389
141,43,2376.267385
142,43,2203.530349
143,43,2639.259694
144,43,9700.826964
148,43,9754.061357
151,43,2294.908269
152,43,5381.684721
158,43,8484.794451
161,43,3840.033532
162,43,3866.031311
163,43,2972.517477
164,43,5440.2222
166,43,3989.232172
170,43,5304.433852
186,43,5822.743182
209,43,11590.46813
211,43,9496.369958
224,43,7545.729577
229,43,3785.349321
230,43,3924.7902
231,43,10611.7755
232,43,10143.07927
233,43,4817.375344
234,43,6785.838989
236,43,997.1144234
237,43,2038.132578
238,43,1592.46422
239,43,1472.184795
243,43,11566.29386
244,43,9117.016877
246,43,6059.328591
249,43,8174.614899
261,43,12002.2416
262,43,2328.082516
263,43,1708.500009
4,45,2883.004036
12,45,2389.307564
13,45,1996.645217
24,45,13648.07136
41,45,14474.7497
42,45,16810.96346
43,45,10909.93186
45,45,0
48,45,7373.69442
50,45,7908.290069
68,45,5287.460594
74,45,14689.34412
75,45,12802.13125
79,45,2609.090608
87,45,1330.688587
88,45,1999.849264
90,45,4382.245561
100,45,6120.439516
107,45,3907.930542
113,45,2986.118197
114,45,2334.165168
116,45,17721.14182
120,45,21131.15657
125,45,2281.776702
127,45,24231.62214
128,45,24907.3702
137,45,4764.878042
140,45,9167.621515
141,45,9081.511745
142,45,9176.640925
143,45,9404.010616
144,45,1245.640523
148,45,1248.117731
151,45,13000.8278
152,45,16275.98743
158,45,3528.590325
161,45,7071.168965
162,45,7103.842279
163,45,7970.602555
164,45,5499.06753
166,45,14819.91731
170,45,5626.654974
186,45,5332.057773
209,45,789.9359211
211,45,1720.385017
224,45,3720.797224
229,45,7469.736595
230,45,7128.881563
231,45,1334.825331
232,45,1716.710345
233,45,6307.822073
234,45,4183.67762
236,45,10988.16937
237,45,9009.737783
238,45,11975.61886
239,45,10728.86473
243,45,22475.2435
244,45,20023.03222
246,45,6036.532151
249,45,3290.911246
261,45,1725.777544
262,45,10955.58737
263,45,11066.15693
4,48,5835.633639
12,48,9170.901463
13,48,7934.310541
24,48,6438.256436
41,48,7529.475491
42,48,9881.919657
43,48,4019.034351
45,48,7373.69442
48,48,0
50,48,830.5922228
68,48,2320.557973
74,48,8178.509862
75,48,6383.101208
79,48,5107.225553
87,48,8378.998135
88,48,8982.047822
90,48,3040.532695
100,48,1289.865699
107,48,3791.814266
113,48,4388.403386
114,48,5053.014031
116,48,10575.31806
120,48,14079.54231
125,48,5637.157384
127,48,17171.2502
128,48,17762.95984
137,48,3533.21979
140,48,3936.719137
141,48,3433.032111
142,48,1911.617163
143,48,2030.335133
144,48,6128.229932
148,48,6364.985223
151,48,5777.607856
152,48,9123.631188
158,48,4531.461976
161,48,1487.90555
162,48,2111.655573
163,48,1403.202847
164,48,2076.743321
166,48,7611.619806
170,48,2478.337021
186,48,2042.002299
209,48,7962.856396
211,48,5785.23186
224,48,4708.514807
229,48,2866.801823
230,48,723.4757358
231,48,6836.53428
232,48,7022.774758
233,48,2820.070519
234,48,3221.129331
236,48,4527.987379
237,48,2852.678881
238,48,4716.004335
239,48,3426.469883
243,48,15326.79743
244,48,12869.23562
246,48,2053.245155
249,48,4317.788175
261,48,8218.61969
262,48,5226.216972
263,48,4957.856588
4,50,6561.942469
12,50,9572.275658
13,50,8297.267233
24,50,6204.531843
41,50,7429.08057
42,50,9753.515941
43,50,4067.558095
45,50,7908.290069
48,50,830.5922228
50,50,0
68,50,2670.939643
74,50,8231.646327
75,50,6514.290274
79,50,5765.986372
87,50,8838.782383
88,50,9415.953572
90,50,3526.810953
100,50,1999.234511
107,50,4494.901225
113,50,4946.766769
114,50,5574.17839
116,50,10333.99434
120,50,13863.78977
125,50,6028.575454
127,50,16938.2156
128,50,17487.80711
137,50,4321.894596
140,50,4498.282703
141,50,3953.282861
142,50,1864.065767
143,50,1655.170756
144,50,6666.059883
148,50,6965.589063
151,50,5546.505634
152,50,8891.694255
158,50,4837.255098
161,50,2285.556453
162,50,2898.307872
163,50,1973.625955
164,50,2823.476342
166,50,7360.663213
170,50,3289.054482
186,50,2624.413814
209,50,8452.008151
211,50,6263.2562
224,50,5462.129186
229,50,3619.112125
230,50,1540.50073
231,50,7260.728334
232,50,7686.448133
233,50,3648.388196
234,50,3841.535027
236,50,4729.363293
237,50,3302.544618
238,50,4478.997929
239,50,3187.939035
243,50,15057.71407
244,50,12608.42675
246,50,2141.771428
249,50,4731.629201
261,50,8621.867592
262,50,5597.330979
263,50,5245.875848
4,68,4434.895459
12,68,6904.183013
13,68,5640.25702
24,68,8754.701275
41,68,9840.777518
42,68,12196.2499
43,68,6299.462658
45,68,5287.460594
48,68,2320.557973
50,68,2670.939643
68,68,0
74,68,10422.42022
75,68,8585.866533
79,68,3430.315914
87,68,6171.603145
88,68,6745.075999
90,68,961.1996781
100,68,1446.91521
107,68,2454.755264
113,68,2410.910538
114,68,2964.70142
116,68,12893.072
120,68,16399.93036
125,68,3359.712141
127,68,19490.92653
128,68,20076.70536
137,68,2859.419845
140,68,5619.291441
141,68,5245.625361
142,68,4232.174633
143,68,4271.533268
144,68,4059.498804
148,68,4447.10098
151,68,8093.700083
152,68,11441.99543
158,68,2211.42548
161,68,2847.487264
162,68,3299.491195
163,68,3422.49808
164,68,1643.313785
166,68,9926.330595
170,68,2387.194354
186,68,832.6988144
209,68,5796.184473
211,68,3609.730249
224,68,3562.616167
229,68,4058.401701
230,68,2421.583043
231,68,4589.82232
232,68,5295.109888
233,68,3288.366698
234,68,1588.061459
236,68,6704.090027
237,68,4833.879457
238,68,7029.299523
239,68,5735.079194
243,68,17641.32645
244,68,15184.71322
246,68,850.0853757
249,68,2061.632563
261,68,5952.959146
262,68,7189.338379
263,68,7037.246906
4,74,12203.2223
12,74,16856.82477
13,74,15760.46514
24,74,3134.075047
41,74,1620.735658
42,74,2542.115656
43,74,4172.732009
45,74,14689.34412
48,74,8178.509862
50,74,8231.646327
68,74,10422.42022
74,74,0
75,74,1888.887023
79,74,12087.85962
87,74,15914.37612
88,74,16576.01379
90,74,10908.37136
100,74,9048.380371
107,74,10792.86142
113,74,11909.75717
114,74,12619.18642
116,74,3999.518487
120,74,6740.583216
125,74,13493.80968
127,74,9758.243911
128,74,10576.47773
137,74,9933.84545
140,74,5592.307026
141,74,5609.783788
142,74,6370.724919
143,74,6714.610361
144,74,13534.7574
148,74,13475.52601
151,74,3463.458867
152,74,3075.196943
158,74,12573.32649
161,74,7771.897721
162,74,7612.542312
163,74,7016.966396
164,74,9386.264027
166,74,2978.918623
170,74,9091.375933
186,74,9877.402089
209,74,15416.77066
211,74,13419.10966
224,74,11090.08264
229,74,7229.092859
230,74,8009.873923
231,74,14555.81231
232,74,13682.91671
233,74,8387.196804
234,74,10719.69204
236,74,3753.145569
237,74,5729.292004
238,74,4211.128177
239,74,5246.474712
243,74,8244.976866
244,74,5980.450231
246,74,10226.48932
249,74,12207.43153
261,74,15933.62271
262,74,3848.347285
263,74,3628.351829
4,75,10338.86572
12,75,14968.58119
13,75,13877.05948
24,75,2813.577733
41,75,2194.684912
42,75,4191.049773
43,75,2466.831586
45,75,12802.13125
48,75,6383.101208
50,75,6514.290274
68,75,8585.866533
74,75,1888.887023
75,75,0
79,75,10202.26517
87,75,14025.5194
88,75,14687.13768
90,75,9040.534387
100,75,7192.643962
107,75,8904.251803
113,75,10022.96628
114,75,10732.06862
116,75,5450.726259
120,75,8512.427203
125,75,11615.63891
127,75,11570.98374
128,75,12349.78528
137,75,8049.738723
140,75,3741.802291
141,75,3726.025355
142,75,4654.368735
143,75,5100.444684
144,75,11645.91189
148,75,11590.58627
151,75,2755.861759
152,75,4208.597534
158,75,10716.00262
161,75,5894.982629
162,75,5724.121229
163,75,5166.888716
164,75,7505.847169
166,75,3369.751558
170,75,7202.603443
186,75,8015.283562
209,75,13528.26568
211,75,11532.28849
224,75,9215.761106
229,75,5347.548304
230,75,6165.706533
231,75,12669.80869
232,75,11814.6777
233,75,6503.207122
234,75,8835.797739
236,75,1884.920199
237,75,3846.122886
238,75,3049.063732
239,75,3766.879864
243,75,9974.759121
244,75,7619.708955
246,75,8436.345372
249,75,10335.20915
261,75,14046.35508
262,75,2071.487567
263,75,1753.836837
4,79,1148.796252
12,79,4899.898978
13,79,4061.5466
24,79,11162.51362
41,79,11916.68474
42,79,14240.49141
43,79,8375.191827
45,79,2609.090608
48,79,5107.225553
50,79,5765.986372
68,79,3430.315914
74,79,12087.85962
75,79,10202.26517
79,79,0
87,79,3886.215362
88,79,4561.204326
90,79,2479.138319
100,79,3817.392657
107,79,1368.277328
113,79,1182.46882
114,79,1278.196943
116,79,15193.18731
120,79,18571.14876
125,79,2406.694964
127,79,21668.44191
128,79,22363.50735
137,79,2156.688336
140,79,6558.622122
141,79,6478.25181
142,79,6779.16872
143,79,7106.740139
144,79,1572.230006
148,79,1389.581706
151,79,10525.80384
152,79,13755.552
158,79,2787.226666
161,79,4560.939449
162,79,4530.501614
163,79,5487.029942
164,79,3079.800151
166,79,12326.12083
170,79,3070.760715
186,79,3151.370617
209,79,3363.812434
211,79,1821.073436
224,79,1209.004946
229,79,4862.952726
230,79,4734.724041
231,79,2838.739783
232,79,1920.518331
233,79,3701.812159
234,79,1934.846301
236,79,8402.945028
237,79,6433.842365
238,79,9526.879044
239,79,8319.55844
243,79,19936.34614
244,79,17490.84532
246,79,4277.29436
249,79,2144.558065
261,79,4056.975869
262,79,8346.527305
263,79,8462.058052
4,87,4212.032194
12,87,1062.195601
13,87,1225.892375
24,87,14745.84944
41,87,15638.13573
42,87,17985.46832
43,87,12059.16498
45,87,1330.688587
48,87,8378.998135
50,87,8838.782383
68,87,6171.603145
74,87,15914.37612
75,87,14025.5194
79,87,3886.215362
87,87,0
88,87,675.9477929
90,87,5340.239383
100,87,7170.017637
107,87,5123.275711
113,87,4059.976733
114,87,3356.949258
116,87,18848.07259
120,87,22288.6596
125,87,2861.312573
127,87,25390.72272
128,87,26043.4688
137,87,6025.928333
140,87,10430.72729
141,87,10317.55503
142,87,10234.66426
143,87,10398.3723
144,87,2379.650031
148,87,2566.741067
151,87,14092.22118
152,87,17398.09996
158,87,4149.313779
161,87,8223.15126
162,87,8306.240228
163,87,9096.080854
164,87,6620.085095
166,87,15921.31351
170,87,6825.423598
186,87,6349.128352
209,87,540.8097521
211,87,2594.65869
224,87,5032.571511
229,87,8718.134095
230,87,8207.99662
231,87,1610.812108
232,87,2962.309286
233,87,7557.029821
234,87,5277.536906
236,87,12190.82367
237,87,10206.39896
238,87,13050.94981
239,87,11782.94443
243,87,23607.86923
244,87,21151.15106
246,87,6841.983529
249,87,4110.807863
261,87,704.0184201
262,87,12216.1487
263,87,12301.1585
4,88,4874.498712
12,88,454.7200225
13,88,1372.264633
24,88,15370.55161
41,88,16282.82908
42,88,18632.75889
43,88,12701.40779
45,88,1999.849264
48,88,8982.047822
50,88,9415.953572
68,88,6745.075999
74,88,16576.01379
75,88,14687.13768
79,88,4561.204326
87,88,675.9477929
88,88,0
90,88,5941.659648
100,88,7789.892194
107,88,5788.597319
113,88,4700.008357
114,88,3992.295218
116,88,19480.38723
120,88,22929.84272
125,88,3397.744325
127,88,26031.89723
128,88,26677.13138
137,88,6697.962456
140,88,11101.70009
141,88,10983.16998
142,88,10850.85458
143,88,10993.51087
144,88,3044.479251
148,88,3240.960832
151,88,14715.27431
152,88,18029.37222
158,88,4661.22591
161,88,8869.636934
162,88,8965.286789
163,88,9734.16595
164,88,7261.201851
166,88,16546.53893
170,88,7485.076592
186,88,6962.337614
209,88,1211.604207
211,88,3213.208941
224,88,5708.265725
229,88,9386.847743
230,88,8834.062606
231,88,2155.275509
232,88,3584.55661
233,88,8226.377781
234,88,5915.855164
236,88,12847.75499
237,88,10862.74921
238,88,13669.57855
239,88,12395.88622
243,88,24240.83094
244,88,21783.19496
246,88,7385.044581
249,88,4684.982951
261,88,865.3710225
262,88,12886.34638
263,88,12965.95789
4,90,3516.499463
12,90,6136.875769
13,90,4925.092141
24,90,9448.665999
41,90,10443.45197
42,90,12802.58276
43,90,6866.028672
45,90,4382.245561
48,90,3040.532695
50,90,3526.810953
68,90,961.1996781
74,90,10908.37136
75,90,9040.534387
79,90,2479.138319
87,90,5340.239383
88,90,5941.659648
90,90,0
100,90,1885.482815
107,90,1646.369992
113,90,1455.60968
114,90,2048.196048
116,90,13575.04335
120,90,17055.65854
125,90,2624.301128
127,90,20154.43901
128,90,20770.78961
137,90,2295.418699
140,90,5807.874599
141,90,5515.241933
142,90,4918.02771
143,90,5058.405507
144,90,3142.226204
148,90,3494.764424
151,90,8790.42643
152,90,12122.35162
158,90,1708.975653
161,90,3155.816406
162,90,3462.899014
163,90,3905.507212
164,90,1608.003977
166,90,10624.63592
170,90,2208.441162
186,90,1043.832678
209,90,4934.203579
211,90,2749.092064
224,90,2739.417337
229,90,4130.396735
230,90,2943.598428
231,90,3799.179697
232,90,4334.040597
233,90,3159.106942
234,90,779.1646447
236,90,7158.038022
237,90,5210.421493
238,90,7737.468057
239,90,6457.45762
243,90,18333.68502
244,90,15874.93011
246,90,1800.552733
249,90,1308.624549
261,90,5185.475247
262,90,7484.387338
263,90,7411.715176
4,100,4566.020252
12,100,8003.834567
13,100,6808.300413
24,100,7581.316178
41,100,8557.989491
42,100,10917.14263
43,100,4981.726094
45,100,6120.439516
48,100,1289.865699
50,100,1999.234511
68,100,1446.91521
74,100,9048.380371
75,100,7192.643962
79,100,3817.392657
87,100,7170.017637
88,100,7789.892194
90,100,1885.482815
100,100,0
107,100,2508.108056
113,100,3136.488137
114,100,3820.13771
116,100,11699.58951
120,100,15173.18319
125,100,4508.814342
127,100,18272.82493
128,100,18896.65608
137,100,2358.516794
140,100,4178.647664
141,100,3798.718434
142,100,3065.496954
143,100,3302.445985
144,100,4877.683265
148,100,5084.856068
151,100,6925.472148
152,100,10247.25729
158,100,3524.998723
161,100,1401.440761
162,100,1887.638907
163,100,2032.136467
164,100,830.5635335
166,100,8757.45868
170,100,1425.307406
186,100,841.6502563
209,100,6735.159862
211,100,4578.024693
224,100,3463.969524
229,100,2673.787796
230,100,1058.11566
231,100,5664.490827
232,100,5733.134375
233,100,2109.407227
234,100,1944.845646
236,100,5307.726045
237,100,3401.331734
238,100,5881.029405
239,100,4616.071086
243,100,16459.62129
244,100,14001.01398
246,100,1695.473776
249,100,3193.924019
261,100,7054.882428
262,100,5745.110587
263,100,5609.039728
4,107,2075.882961
12,107,6088.11049
13,107,5095.641842
24,107,9796.300987
41,107,10572.14631
42,107,12904.44346
43,107,7018.740738
45,107,3907.930542
48,107,3791.814266
50,107,4494.901225
68,107,2454.755264
74,107,10792.86142
75,107,8904.251803
79,107,1368.277328
87,107,5123.275711
88,107,5788.597319
90,107,1646.369992
100,107,2508.108056
107,107,0
113,107,1300.592408
114,107,1937.680907
116,107,13836.39599
120,107,17228.542
125,107,3033.069479
127,107,20327.93079
128,107,21013.25862
137,107,994.897854
140,107,5327.757672
141,107,5194.617572
142,107,5416.591337
143,107,5766.002424
144,107,2744.257196
148,107,2735.558514
151,107,9158.492599
152,107,12396.33133
158,107,2787.819503
161,107,3194.959001
162,107,3195.946729
163,107,4119.00421
164,107,1730.857303
166,107,10961.20394
170,107,1719.941242
186,107,1952.658976
209,107,4624.102077
211,107,2720.277743
224,107,1108.56227
229,107,3603.287732
230,107,3378.708335
231,107,3855.810919
232,107,3247.046136
233,107,2448.338255
234,107,880.2938857
236,107,7081.075202
237,107,5101.807316
238,107,8158.608065
239,107,6953.855671
243,107,18583.92029
244,107,16135.75267
246,107,3287.19899
249,107,2121.21197
261,107,5190.096326
262,107,7106.08888
263,107,7177.901589
4,113,2325.028527
12,113,4954.099439
13,113,3870.142424
24,113,10692.13968
41,113,11582.88741
42,113,13933.6079
43,113,8001.501986
45,113,2986.118197
48,113,4388.403386
50,113,4946.766769
68,113,2410.910538
74,113,11909.75717
75,113,10022.96628
79,113,1182.46882
87,113,4059.976733
88,113,4700.008357
90,113,1455.60968
100,113,3136.488137
107,113,1300.592408
113,113,0
114,113,710.5846598
116,113,14788.62546
120,113,18230.40866
125,113,1733.896401
127,113,21332.49531
128,113,21983.60418
137,113,2294.370915
140,113,6540.495913
141,113,6356.215428
142,113,6198.245881
143,113,6418.699714
144,113,1741.675197
148,113,2039.295642
151,113,10040.61123
152,113,13339.10363
158,113,1673.464765
161,113,4171.33503
162,113,4303.265869
163,113,5036.192349
164,113,2561.292668
166,113,11866.7561
170,113,2839.749441
186,113,2347.945784
209,113,3606.394585
211,113,1509.353514
224,113,1974.290218
229,113,4809.089664
230,113,4157.483179
231,113,2648.329188
232,113,2906.635265
233,113,3680.084588
234,113,1217.613568
236,113,8166.918414
237,113,6182.788883
238,113,9006.167796
239,113,7750.199053
243,113,19548.15228
244,113,17091.7228
246,113,3231.999405
249,113,998.1130265
261,113,4024.309495
262,113,8300.35984
263,113,8324.538829
4,114,2370.104348
12,114,4243.523921
13,114,3172.687456
24,114,11389.71068
41,114,12291.51127
42,114,14642.94421
43,114,8709.374721
45,114,2334.165168
48,114,5053.014031
50,114,5574.17839
68,114,2964.70142
74,114,12619.18642
75,114,10732.06862
79,114,1278.196943
87,114,3356.949258
88,114,3992.295218
90,114,2048.196048
100,114,3820.13771
107,114,1937.680907
113,114,710.5846598
114,114,0
116,114,15491.5061
120,114,18937.54903
125,114,1164.548527
127,114,22039.60209
128,114,22687.38306
137,114,2926.542253
140,114,7233.276237
141,114,7059.637661
142,114,6885.480464
143,114,7081.821874
144,114,1095.737092
148,114,1558.270333
151,114,10736.7828
152,114,14041.31012
158,114,1623.557467
161,114,4881.343546
162,114,5010.735226
163,114,5742.010678
164,114,3269.430932
166,114,12564.95087
170,114,3542.523799
186,114,3012.078532
209,114,2915.118104
211,114,801.1769549
224,114,2369.324283
229,114,5502.165364
230,114,4852.249066
231,114,1943.038106
232,114,2559.05502
233,114,4363.327535
234,114,1923.592357
236,114,8877.198531
237,114,6892.87145
238,114,9698.345381
239,114,8436.174658
243,114,20251.53323
244,114,17794.55057
246,114,3742.160917
249,114,1101.485309
261,114,3314.468785
262,114,8998.774104
263,114,9030.817681
4,116,15506.09727
12,116,19703.10716
13,116,18497.52588
24,116,4138.952709
41,116,3350.013159
42,116,1550.043204
43,116,6818.09849
45,116,17721.14182
48,116,10575.31806
50,116,10333.99434
68,116,12893.072
74,116,3999.518487
75,116,5450.726259
79,116,15193.18731
87,116,18848.07259
88,116,19480.38723
90,116,13575.04335
100,116,11699.58951
107,116,13836.39599
113,116,14788.62546
114,116,15491.5061
116,116,0
120,116,3540.147837
125,116,16196.17099
127,116,6604.474605
128,116,7197.304218
137,116,13103.32441
140,116,9073.959877
141,116,8918.542084
142,116,8667.263263
143,116,8678.826937
144,116,16503.97807
148,116,16571.88752
151,116,4800.048474
152,116,1452.724368
158,116,15104.30787
161,116,10650.65786
162,116,10675.30025
163,116,9755.235825
164,116,12232.37533
166,116,2973.444263
170,116,12122.46361
186,116,12536.42572
209,116,18390.01692
211,116,16267.62819
224,116,14338.85463
229,116,10498.67289
230,116,10648.60599
231,116,17363.94153
232,116,16945.09319
233,116,11595.40599
234,116,13571.04979
236,116,6914.506175
237,116,8796.0797
238,116,5866.945814
239,116,7163.914162
243,116,4760.549438
244,116,2303.097483
246,116,12473.86127
249,116,14875.42802
261,116,18754.47071
262,116,7515.083915
263,116,7100.61732
4,120,18807.00319
12,120,23166.67544
13,120,21980.7122
24,120,7660.118802
41,120,6656.547752
42,120,4342.949118
43,120,10229.51139
45,120,21131.15657
48,120,14079.54231
50,120,13863.78977
68,120,16399.93036
74,120,6740.583216
75,120,8512.427203
79,120,18571.14876
87,120,22288.6596
88,120,22929.84272
90,120,17055.65854
100,120,15173.18319
107,120,17228.542
113,120,18230.40866
114,120,18937.54903
116,120,3540.147837
120,120,0
125,120,19679.81612
127,120,3102.089513
128,120,3839.04358
137,120,16448.91402
140,120,12248.62537
141,120,12174.27978
142,120,12168.14319
143,120,12209.02394
144,120,19928.5343
148,120,19957.76472
151,120,8319.779575
152,120,4972.344292
158,120,18610.99905
161,120,14067.80342
162,120,14040.64798
163,120,13196.1182
164,120,15669.18078
166,120,6506.148713
170,120,15508.75328
186,120,16013.42238
209,120,21818.85315
211,120,19721.87352
224,120,17659.07725
229,120,13787.22765
230,120,14117.08174
231,120,20830.29661
232,120,20268.59886
233,120,14917.07713
234,120,17013.99658
236,120,10189.3188
237,120,12138.93228
238,120,9388.267044
239,120,10684.72489
243,120,1564.464959
244,120,1446.352513
246,120,16001.15362
249,120,18360.86028
261,120,22221.54748
262,120,10561.48832
263,120,10252.95826
4,125,3417.598124
12,125,3544.478707
13,125,2301.485236
24,125,12066.03132
41,125,13065.51062
42,125,15424.34852
43,125,9485.38483
45,125,2281.776702
48,125,5637.157384
50,125,6028.575454
68,125,3359.712141
74,125,13493.80968
75,125,11615.63891
79,125,2406.694964
87,125,2861.312573
88,125,3397.744325
90,125,2624.301128
100,125,4508.814342
107,125,3033.069479
113,125,1733.896401
114,125,1164.548527
116,125,16196.17099
120,125,19679.81612
125,125,0
127,125,22778.32274
128,125,23390.52016
137,125,4027.679831
140,125,8224.558922
141,125,8004.058729
142,125,7532.844881
143,125,7626.36476
144,125,1418.897609
148,125,2139.303195
151,125,11406.73787
152,125,14743.45109
158,125,1295.47443
161,125,5721.917862
162,125,5936.296072
163,125,6517.802971
164,125,4110.635656
166,125,13241.42835
170,125,4511.484984
186,125,3667.463793
209,125,2564.32695
211,125,750.3126774
224,125,3533.114768
229,125,6497.338525
230,125,5566.681257
231,125,1251.834944
232,125,3208.841637
233,125,5389.848763
234,125,2802.081008
236,125,9740.749547
237,125,7770.651022
238,125,10349.71457
239,125,9063.318569
243,125,20953.53651
244,125,18494.90271
246,125,3988.447753
249,125,1320.981343
261,125,2593.380676
262,125,9964.276612
263,125,9949.295713
4,127,21889.855
12,127,26268.10866
13,127,25079.51039
24,127,10741.26329
41,127,9756.94142
42,127,7430.688551
43,127,13331.56176
45,127,24231.62214
48,127,17171.2502
50,127,16938.2156
68,127,19490.92653
74,127,9758.243911
75,127,11570.98374
79,127,21668.44191
87,127,25390.72272
88,127,26031.89723
90,127,20154.43901
100,127,18272.82493
107,127,20327.93079
113,127,21332.49531
114,127,22039.60209
116,127,6604.474605
120,127,3102.089513
125,127,22778.32274
127,127,0
128,127,1085.621186
137,127,19542.22166
140,127,15312.52898
141,127,15256.0778
142,127,15260.62363
143,127,15283.0803
144,127,23030.14756
148,127,23055.73988
151,127,11402.09935
152,127,8051.255614
158,127,21702.33212
161,127,17169.59255
162,127,17138.17866
163,127,16298.07211
164,127,18771.27009
166,127,9577.90366
170,127,18608.02028
186,127,19112.67541
209,127,24920.57069
211,127,22823.71194
224,127,20746.93089
229,127,16872.68275
230,127,17217.22323
231,127,23931.37681
232,127,23355.4726
233,127,18007.41557
234,127,20116.05906
236,127,13278.71049
237,127,15235.0194
238,127,12469.94873
239,127,13767.04634
243,127,2002.010978
244,127,4348.2141
246,127,19078.31292
249,127,21458.85418
261,127,25322.63835
262,127,13601.4461
263,127,13319.55782
4,128,22626.32318
12,128,26900.32764
13,128,25691.49976
24,128,11325.43543
41,128,10450.99786
42,128,8170.643249
43,128,13997.52797
45,128,24907.3702
48,128,17762.95984
50,128,17487.80711
68,128,20076.70536
74,128,10576.47773
75,128,12349.78528
79,128,22363.50735
87,128,26043.4688
88,128,26677.13138
90,128,20770.78961
100,128,18896.65608
107,128,21013.25862
113,128,21983.60418
114,128,22687.38306
116,128,7197.304218
120,128,3839.04358
125,128,23390.52016
127,128,1085.621186
128,128,0
137,128,20253.22435
140,128,16083.1282
141,128,15997.74355
142,128,15858.62198
143,128,15835.99427
144,128,23694.94147
148,128,23746.93385
151,128,11985.62852
152,128,8649.406904
158,128,22286.39626
161,128,17836.53383
162,128,17835.35559
163,128,16948.35008
164,128,19425.50241
166,128,10151.34105
170,128,19295.33872
186,128,19733.00965
209,128,25582.64731
211,128,23464.59793
224,128,21472.46461
229,128,17605.7781
230,128,17845.90928
231,128,24561.1009
232,128,24082.39441
233,128,18727.97699
234,128,20765.99493
236,128,14005.47685
237,128,15939.83464
238,128,13047.69347
239,128,14341.78586
243,128,2437.115619
244,128,4895.873146
246,128,19629.43094
249,128,22069.57937
261,128,25951.51242
262,128,14400.51332
263,128,14087.17761
4,137,2451.933026
12,137,7017.300037
13,137,6068.051344
24,137,9127.293758
41,137,9802.227316
42,137,12111.65192
43,137,6297.652452
45,137,4764.878042
48,137,3533.21979
50,137,4321.894596
68,137,2859.419845
74,137,9933.84545
75,137,8049.738723
79,137,2156.688336
87,137,6025.928333
88,137,6697.962456
90,137,2295.418699
100,137,2358.516794
107,137,994.897854
113,137,2294.370915
114,137,2926.542253
116,137,13103.32441
120,137,16448.91402
125,137,4027.679831
127,137,19542.22166
128,137,20253.22435
137,137,0
140,137,4405.781299
141,137,4324.164734
142,137,4910.351621
143,137,5366.546002
144,137,3662.935271
148,137,3541.995667
151,137,8505.745319
152,137,11675.51929
158,137,3702.791719
161,137,2588.045683
162,137,2431.653059
163,137,3526.213569
164,137,1535.792686
166,137,10277.27686
170,137,1096.370815
186,137,2133.438033
209,137,5511.384089
211,137,3699.09307
224,137,1266.202621
229,137,2706.594914
230,137,2973.841828
231,137,4826.243099
232,137,3845.450709
233,137,1546.659583
234,137,1554.430148
236,137,6265.672823
237,137,4313.50517
238,137,7544.80011
239,137,6400.957778
243,137,17831.72867
244,137,15394.24866
246,137,3600.236095
249,137,3060.346695
261,137,6137.801334
262,137,6192.731344
263,137,6306.82333
4,140,6612.281948
12,140,11412.97175
13,140,10405.96364
24,140,5495.785869
41,140,5724.613105
42,140,7914.017689
43,140,2773.223389
45,140,9167.621515
48,140,3936.719137
50,140,4498.282703
68,140,5619.291441
74,140,5592.307026
75,140,3741.802291
79,140,6558.622122
87,140,10430.72729
88,140,11101.70009
90,140,5807.874599
100,140,4178.647664
107,140,5327.757672
113,140,6540.495913
114,140,7233.276237
116,140,9073.959877
120,140,12248.62537
125,140,8224.558922
127,140,15312.52898
128,140,16083.1282
137,140,4405.781299
140,140,0
141,140,585.9642061
142,140,3214.1702
143,140,3973.951905
144,140,8061.040533
148,140,7935.396472
151,140,5003.258487
152,140,7718.799136
158,140,7515.536332
161,140,2780.830063
162,140,2348.915648
163,140,2546.231704
164,140,4200.10613
166,140,6512.315139
170,140,3713.096601
186,140,4883.003277
209,140,9917.163889
211,140,8030.847497
224,140,5512.67736
229,140,1731.446116
230,140,3383.334698
231,140,9172.51658
232,140,8094.112331
233,140,2879.564566
234,140,5428.247657
236,140,2212.43241
237,140,1297.287294
238,140,4360.370361
239,140,3801.556066
243,140,13694.96674
244,140,11307.7666
246,140,5769.850837
249,140,7024.329937
261,140,10517.68621
262,140,1788.193834
263,140,1995.95651
4,141,6633.80612
12,141,11277.1005
13,141,10225.64869
24,141,5189.888824
41,141,5574.44361
42,141,7831.34714
43,141,2376.267385
45,141,9081.511745
48,141,3433.032111
50,141,3953.282861
68,141,5245.625361
74,141,5609.783788
75,141,3726.025355
79,141,6478.25181
87,141,10317.55503
88,141,10983.16998
90,141,5515.241933
100,141,3798.718434
107,141,5194.617572
113,141,6356.215428
114,141,7059.637661
116,141,8918.542084
120,141,12174.27978
125,141,8004.058729
127,141,15256.0778
128,141,15997.74355
137,141,4324.164734
140,141,585.9642061
141,141,0
142,141,2628.21813
143,141,3388.154724
144,141,7938.872541
148,141,7865.742259
151,141,4657.394164
152,141,7531.094474
158,141,7222.889889
161,141,2400.438565
162,141,2068.691675
163,141,2030.675973
164,141,3919.549091
166,141,6254.482248
170,141,3517.128585
186,141,4548.306354
209,141,9814.469113
211,141,7860.64547
224,141,5496.32273
229,141,1622.42484
230,141,2928.190504
231,141,9002.628123
232,141,8101.54743
233,141,2777.508767
234,141,5202.449735
236,141,2004.100338
237,141,711.4192799
238,141,3933.870031
239,141,3275.193938
243,141,13592.40905
244,141,11180.46705
246,141,5331.544118
249,141,6767.452481
261,141,10366.08253
262,141,1969.372569
263,141,1984.787269
4,142,7347.180171
12,142,11054.67253
13,142,9833.248953
24,142,4533.375117
41,142,5630.950817
42,142,7977.963398
43,142,2203.530349
45,142,9176.640925
48,142,1911.617163
50,142,1864.065767
68,142,4232.174633
74,142,6370.724919
75,142,4654.368735
79,142,6779.16872
87,142,10234.66426
88,142,10850.85458
90,142,4918.02771
100,142,3065.496954
107,142,5416.591337
113,142,6198.245881
114,142,6885.480464
116,142,8667.263263
120,142,12168.14319
125,142,7532.844881
127,142,15260.62363
128,142,15858.62198
137,142,4910.351621
140,142,3214.1702
141,142,2628.21813
142,142,0
143,142,761.9917688
144,142,7937.170612
148,142,8103.965272
151,142,3873.893326
152,142,7214.997286
158,142,6442.911554
161,142,2333.025717
162,142,2691.96303
163,142,1424.109192
164,142,3704.868086
166,142,5708.590743
170,142,3819.653673
186,142,3888.587753
209,142,9800.310634
211,142,7641.347516
224,142,6168.882217
229,142,3082.290466
230,142,2052.197498
231,142,8716.13259
232,142,8655.947055
233,142,3698.144372
234,142,4993.002088
236,142,2907.059562
237,142,1917.285366
238,142,2819.655284
239,142,1552.251996
243,142,13421.87726
244,142,10963.57649
246,142,3896.984954
249,142,6211.887268
261,142,10103.46873
262,142,3913.234316
263,142,3480.496617
4,143,7763.902048
12,143,11169.15867
13,143,9911.789352
24,143,4550.600408
41,143,5811.659996
42,143,8118.226316
43,143,2639.259694
45,143,9404.010616
48,143,2030.335133
50,143,1655.170756
68,143,4271.533268
74,143,6714.610361
75,143,5100.444684
79,143,7106.740139
87,143,10398.3723
88,143,10993.51087
90,143,5058.405507
100,143,3302.445985
107,143,5766.002424
113,143,6418.699714
114,143,7081.821874
116,143,8678.826937
120,143,12209.02394
125,143,7626.36476
127,143,15283.0803
128,143,15835.99427
137,143,5366.546002
140,143,3973.951905
141,143,3388.154724
142,143,761.9917688
143,143,0
144,143,8158.516351
148,143,8387.242291
151,143,3893.616973
152,143,7236.792937
158,143,6466.91876
161,143,2859.554792
162,143,3305.320263
163,143,2034.090621
164,143,4035.148484
166,143,5705.493819
170,143,4270.764501
186,143,4072.113588
209,143,9988.815184
211,143,7807.114743
224,143,6602.712444
229,143,3777.203228
230,143,2404.294505
231,143,8842.322923
232,143,9011.834355
233,143,4281.011146
234,143,5245.280465
236,143,3472.920646
237,143,2677.875432
238,143,2827.53526
239,143,1545.514735
243,143,13404.79596
244,143,10954.33008
246,143,3795.858455
249,143,6314.219907
261,143,10216.94012
262,143,4579.150287
263,143,4098.9965
4,144,2260.324832
12,144,3354.370084
13,144,2497.821089
24,144,12419.78115
41,144,13274.23224
42,144,15617.38409
43,144,9700.826964
45,144,1245.640523
48,144,6128.229932
50,144,6666.059883
68,144,4059.498804
74,144,13534.7574
75,144,11645.91189
79,144,1572.230006
87,144,2379.650031
88,144,3044.479251
90,144,3142.226204
100,144,4877.683265
107,144,2744.257196
113,144,1741.675197
114,144,1095.737092
116,144,16503.97807
120,144,19928.5343
125,144,1418.897609
127,144,23030.14756
128,144,23694.94147
137,144,3662.935271
140,144,8061.040533
141,144,7938.872541
142,144,7937.170612
143,144,8158.516351
144,144,0
148,144,729.0471761
151,144,11770.48722
152,144,15056.65465
158,144,2474.359735
161,144,5861.017734
162,144,5927.828863
163,144,6749.080151
164,144,4272.884529
166,144,13593.05635
170,144,4446.90333
186,144,4086.485494
209,144,1890.920345
211,144,677.0938342
224,144,2774.101657
229,144,6343.203848
230,144,5892.234604
231,144,1303.204101
232,144,1791.58355
233,144,5183.573867
234,144,2946.152142
236,144,9813.364892
237,144,7829.680484
238,144,10740.83706
239,144,9489.381142
243,144,21261.08956
244,144,18806.71338
246,144,4828.149962
249,144,2117.09268
261,144,2488.327059
262,144,9844.0729
263,144,9922.03707
4,148,1704.061821
12,148,3613.359475
13,148,2980.887696
24,148,12526.68172
41,148,13302.39044
42,148,15628.63506
43,148,9754.061357
45,148,1248.117731
48,148,6364.985223
50,148,6965.589063
68,148,4447.10098
74,148,13475.52601
75,148,11590.58627
79,148,1389.581706
87,148,2566.741067
88,148,3240.960832
90,148,3494.764424
100,148,5084.856068
107,148,2735.558514
113,148,2039.295642
114,148,1558.270333
116,148,16571.88752
120,148,19957.76472
125,148,2139.303195
127,148,23055.73988
128,148,23746.93385
137,148,3541.995667
140,148,7935.396472
141,148,7865.742259
142,148,8103.965272
143,148,8387.242291
144,148,729.0471761
148,148,0
151,148,11885.90518
152,148,15131.83566
158,148,3105.722919
161,148,5927.952978
162,148,5917.605466
163,148,6845.310167
164,148,4400.444692
166,148,13693.58215
170,148,4451.603507
186,148,4345.799245
209,148,2029.694578
211,148,1389.891903
224,148,2472.687647
229,148,6248.395707
230,148,6052.121509
231,148,1898.33092
232,148,1072.111573
233,148,5088.461106
234,148,3143.881473
236,148,9792.387989
237,148,7822.020277
238,148,10876.45393
239,148,9651.994723
243,148,21318.43389
244,148,18870.9951
246,148,5256.50357
249,148,2656.054612
261,148,2852.752426
262,148,9723.565574
263,148,9848.80791
4,151,10950.36311
12,151,14925.74333
13,151,13707.06034
24,151,661.0997667
41,151,2099.403703
42,151,4267.573215
43,151,2294.908269
45,151,13000.8278
48,151,5777.607856
50,151,5546.505634
68,151,8093.700083
74,151,3463.458867
75,151,2755.861759
79,151,10525.80384
87,151,14092.22118
88,151,14715.27431
90,151,8790.42643
100,151,6925.472148
107,151,9158.492599
113,151,10040.61123
114,151,10736.7828
116,151,4800.048474
120,151,8319.779575
125,151,11406.73787
127,151,11402.09935
128,151,11985.62852
137,151,8505.745319
140,151,5003.258487
141,151,4657.394164
142,151,3873.893326
143,151,3893.616973
144,151,11770.48722
148,151,11885.90518
151,151,0
152,151,3350.846225
158,151,10304.70285
161,151,5965.591034
162,151,6085.367824
163,151,5040.721875
164,151,7501.965357
166,151,1834.712837
170,151,7470.411109
186,151,7756.781767
209,151,13647.00474
211,151,11502.79583
224,151,9766.425444
229,151,6070.77028
230,151,5884.534545
231,151,12586.5461
232,151,12342.51426
233,151,7067.417998
234,151,8825.960308
236,151,2860.456841
237,151,4323.683613
238,151,1068.487497
239,151,2365.2521
243,151,9549.260323
244,151,7091.640457
246,151,7681.714654
249,151,10085.77725
261,151,13975.14278
262,151,4037.728055
263,151,3407.959832
4,152,14088.29115
12,152,18250.93081
13,152,17044.81279
24,152,2690.079489
41,152,2025.385015
42,152,1448.955854
43,152,5381.684721
45,152,16275.98743
48,152,9123.631188
50,152,8891.694255
68,152,11441.99543
74,152,3075.196943
75,152,4208.597534
79,152,13755.552
87,152,17398.09996
88,152,18029.37222
90,152,12122.35162
100,152,10247.25729
107,152,12396.33133
113,152,13339.10363
114,152,14041.31012
116,152,1452.724368
120,152,4972.344292
125,152,14743.45109
127,152,8051.255614
128,152,8649.406904
137,152,11675.51929
140,152,7718.799136
141,152,7531.094474
142,152,7214.997286
143,152,7236.792937
144,152,15056.65465
148,152,15131.83566
151,152,3350.846225
152,152,0
158,152,13653.3543
161,152,9207.198169
162,152,9245.040241
163,152,8307.574872
164,152,10784.28577
166,152,1535.928219
170,152,10684.99135
186,152,11083.86989
209,152,16941.67711
211,152,14816.42331
224,152,12916.78603
229,152,9093.238436
230,152,9196.782745
231,152,15911.69401
232,152,15519.82716
233,152,10176.68618
234,152,12121.62941
236,152,5531.841443
237,152,7376.802872
238,152,4418.834109
239,152,5715.906719
243,152,6212.417026
244,152,3754.029041
246,152,11029.88031
249,152,13422.71642
261,152,17302.12831
262,152,6235.05666
263,152,5774.003101
4,158,3930.568052
12,158,4769.783936
13,158,3469.064122
24,158,10965.74828
41,158,12041.58602
42,158,14398.99981
43,158,8484.794451
45,158,3528.590325
48,158,4531.461976
50,158,4837.255098
68,158,2211.42548
74,158,12573.32649
75,158,10716.00262
79,158,2787.226666
87,158,4149.313779
88,158,4661.22591
90,158,1708.975653
100,158,3524.998723
107,158,2787.819503
113,158,1673.464765
114,158,1623.557467
116,158,15104.30787
120,158,18610.99905
125,158,1295.47443
127,158,21702.33212
128,158,22286.39626
137,158,3702.791719
140,158,7515.536332
141,158,7222.889889
142,158,6442.911554
143,158,6466.91876
144,158,2474.359735
148,158,3105.722919
151,158,10304.70285
152,158,13653.3543
158,158,0
161,158,4852.148938
162,158,5171.75788
163,158,5556.558149
164,158,3315.529598
166,158,12136.84098
170,158,3874.186025
186,158,2702.706071
209,158,3859.194569
211,158,1835.414987
224,158,3636.037581
229,158,5828.81277
230,158,4568.795957
231,158,2538.738436
232,158,4152.708689
233,158,4815.240005
234,158,2204.531602
236,158,8831.218537
237,158,6901.875883
238,158,9239.727347
239,158,7944.663039
243,158,19851.41811
244,158,17395.23671
246,158,2741.383777
249,158,683.4082052
261,158,3830.240965
262,158,9191.639953
263,158,9107.722423
4,161,5036.59911
12,161,9123.723642
13,161,7993.969776
24,161,6601.608311
41,161,7415.097121
42,161,9763.154493
43,161,3840.033532
45,161,7071.168965
48,161,1487.90555
50,161,2285.556453
68,161,2847.487264
74,161,7771.897721
75,161,5894.982629
79,161,4560.939449
87,161,8223.15126
88,161,8869.636934
90,161,3155.816406
100,161,1401.440761
107,161,3194.959001
113,161,4171.33503
114,161,4881.343546
116,161,10650.65786
120,161,14067.80342
125,161,5721.917862
127,161,17169.59255
128,161,17836.53383
137,161,2588.045683
140,161,2780.830063
141,161,2400.438565
142,161,2333.025717
143,161,2859.554792
144,161,5861.017734
148,161,5927.952978
151,161,5965.591034
152,161,9207.198169
158,161,4852.148938
161,161,0
162,161,626.4464547
163,161,939.7183486
164,161,1618.392503
166,161,7766.303377
170,161,1513.559557
186,161,2157.288501
209,161,7751.077119
211,161,5674.753156
224,161,3852.675564
229,161,1410.275802
230,161,769.7410078
231,161,6801.909615
232,161,6388.281625
233,161,1440.157785
234,161,2962.256879
236,161,4018.907127
237,161,2055.392415
238,161,4977.44207
239,161,3813.374901
243,161,15404.08807
244,161,12952.11844
246,161,3010.547961
249,161,4441.79562
261,161,8188.229789
262,161,4356.454156
263,161,4256.464752
4,162,4866.135118
12,162,9244.480101
13,162,8167.980951
24,162,6700.812061
41,162,7386.599065
42,162,9711.400189
43,162,3866.031311
45,162,7103.842279
48,162,2111.655573
50,162,2898.307872
68,162,3299.491195
74,162,7612.542312
75,162,5724.121229
79,162,4530.501614
87,162,8306.240228
88,162,8965.286789
90,162,3462.899014
100,162,1887.638907
107,162,3195.946729
113,162,4303.265869
114,162,5010.735226
116,162,10675.30025
120,162,14040.64798
125,162,5936.296072
127,162,17138.17866
128,162,17835.35559
137,162,2431.653059
140,162,2348.915648
141,162,2068.691675
142,162,2691.96303
143,162,3305.320263
144,162,5927.828863
148,162,5917.605466
151,162,6085.367824
152,162,9245.040241
158,162,5171.75788
161,162,626.4464547
162,162,0
163,162,1276.151837
164,162,1857.915351
166,162,7847.093594
170,162,1480.925536
186,162,2538.910576
209,162,7815.134731
211,162,5811.673013
224,162,3684.142111
229,162,802.6415949
230,162,1396.043861
231,162,6951.58543
232,162,6277.103611
233,162,1017.925771
234,162,3135.7166
236,162,3886.231708
237,162,1906.017113
238,162,5148.016685
239,162,4069.353998
243,162,15410.34422
244,162,12968.87446
246,162,3559.069271
249,162,4700.834906
261,162,8323.885424
262,162,4034.685208
263,162,4022.101043
4,163,5975.926421
12,163,9972.589099
13,163,8809.436125
24,163,5682.03349
41,163,6556.623725
42,163,8913.049452
43,163,2972.517477
45,163,7970.602555
48,163,1403.202847
50,163,1973.625955
68,163,3422.49808
74,163,7016.966396
75,163,5166.888716
79,163,5487.029942
87,163,9096.080854
88,163,9734.16595
90,163,3905.507212
100,163,2032.136467
107,163,4119.00421
113,163,5036.192349
114,163,5742.010678
116,163,9755.235825
120,163,13196.1182
125,163,6517.802971
127,163,16298.07211
128,163,16948.35008
137,163,3526.213569
140,163,2546.231704
141,163,2030.675973
142,163,1424.109192
143,163,2034.090621
144,163,6749.080151
148,163,6845.310167
151,163,5040.721875
152,163,8307.574872
158,163,5556.558149
161,163,939.7183486
162,163,1276.151837
163,163,0
164,163,2477.240041
166,163,6851.184901
170,163,2452.739147
186,163,2866.381067
209,163,8634.84455
211,163,6525.97199
224,163,4791.556317
229,163,1786.21416
230,163,1001.070563
231,163,7639.350252
232,163,7325.530783
233,163,2274.779297
234,163,3818.885247
236,163,3283.109486
237,163,1464.567206
238,163,4042.291876
239,163,2874.78607
243,163,14513.49753
244,163,12058.16077
246,163,3366.570398
249,163,5212.374987
261,163,9029.95678
262,163,3849.229821
263,163,3631.392634
4,164,3758.945612
12,164,7508.69041
13,164,6376.220594
24,164,8149.06178
41,164,9022.084196
42,164,11374.02646
43,164,5440.2222
45,164,5499.06753
48,164,2076.743321
50,164,2823.476342
68,164,1643.313785
74,164,9386.264027
75,164,7505.847169
79,164,3079.800151
87,164,6620.085095
88,164,7261.201851
90,164,1608.003977
100,164,830.5635335
107,164,1730.857303
113,164,2561.292668
114,164,3269.430932
116,164,12232.37533
120,164,15669.18078
125,164,4110.635656
127,164,18771.27009
128,164,19425.50241
137,164,1535.792686
140,164,4200.10613
141,164,3919.549091
142,164,3704.868086
143,164,4035.148484
144,164,4272.884529
148,164,4400.444692
151,164,7501.965357
152,164,10784.28577
158,164,3315.529598
161,164,1618.392503
162,164,1857.915351
163,164,2477.240041
164,164,0
166,164,9321.34584
170,164,751.8477691
186,164,810.6156662
209,164,6157.644939
211,164,4059.428097
224,164,2639.49136
229,164,2529.404853
230,164,1655.635251
231,164,5184.034441
232,164,4977.178309
233,164,1649.717137
234,164,1346.520554
236,164,5634.35561
237,164,3660.197138
238,164,6481.336398
239,164,5251.608255
243,164,16990.7319
244,164,14535.34318
246,164,2211.617537
249,164,2849.674797
261,164,6571.275863
262,164,5888.511274
263,164,5842.85162
4,166,12710.1712
12,166,16759.28724
13,166,15541.77295
24,166,1176.194461
41,166,1387.991806
42,166,2671.466129
43,166,3989.232172
45,166,14819.91731
48,166,7611.619806
50,166,7360.663213
68,166,9926.330595
74,166,2978.918623
75,166,3369.751558
79,166,12326.12083
87,166,15921.31351
88,166,16546.53893
90,166,10624.63592
100,166,8757.45868
107,166,10961.20394
113,166,11866.7561
114,166,12564.95087
116,166,2973.444263
120,166,6506.148713
125,166,13241.42835
127,166,9577.90366
128,166,10151.34105
137,166,10277.27686
140,166,6512.315139
141,166,6254.482248
142,166,5708.590743
143,166,5705.493819
144,166,13593.05635
148,166,13693.58215
151,166,1834.712837
152,166,1535.928219
158,166,12136.84098
161,166,7766.303377
162,166,7847.093594
163,166,6851.184901
164,166,9321.34584
166,166,0
170,166,9261.148786
186,166,9590.099153
209,166,15472.74515
211,166,13333.60044
224,166,11530.61184
229,166,7761.086551
230,166,7713.450021
231,166,14419.96215
232,166,14121.47484
233,166,8806.549292
234,166,10650.78325
236,166,4299.938261
237,166,6020.422955
238,166,2897.11428
239,166,4193.03968
243,166,7715.283398
244,166,5258.404703
246,166,9500.417688
249,166,11920.46207
261,166,15808.93163
262,166,5213.658855
263,166,4668.951695
4,170,3529.042554
12,170,7767.608358
13,170,6709.836616
24,170,8101.494508
41,170,8852.466965
42,170,11184.71008
43,170,5304.433852
45,170,5626.654974
48,170,2478.337021
50,170,3289.054482
68,170,2387.194354
74,170,9091.375933
75,170,7202.603443
79,170,3070.760715
87,170,6825.423598
88,170,7485.076592
90,170,2208.441162
100,170,1425.307406
107,170,1719.941242
113,170,2839.749441
114,170,3542.523799
116,170,12122.46361
120,170,15508.75328
125,170,4511.484984
127,170,18608.02028
128,170,19295.33872
137,170,1096.370815
140,170,3713.096601
141,170,3517.128585
142,170,3819.653673
143,170,4270.764501
144,170,4446.90333
148,170,4451.603507
151,170,7470.411109
152,170,10684.99135
158,170,3874.186025
161,170,1513.559557
162,170,1480.925536
163,170,2452.739147
164,170,751.8477691
166,170,9261.148786
170,170,0
186,170,1556.37324
209,170,6334.47684
211,170,4343.574629
224,170,2349.229481
229,170,1987.385093
230,170,1884.22173
231,170,5485.499878
232,170,4875.905163
233,170,950.9778804
234,170,1720.251872
236,170,5366.840827
237,170,3384.53881
238,170,6489.787066
239,170,5322.958214
243,170,16866.98241
244,170,14420.45432
246,170,2956.527918
249,170,3333.4183
261,170,6851.190934
262,170,5462.206131
263,170,5490.421734
4,186,4022.591539
12,186,7169.209696
13,186,5967.472163
24,186,8413.919227
41,186,9399.628044
42,186,11758.76982
43,186,5822.743182
45,186,5332.057773
48,186,2042.002299
50,186,2624.413814
68,186,832.6988144
74,186,9877.402089
75,186,8015.283562
79,186,3151.370617
87,186,6349.128352
88,186,6962.337614
90,186,1043.832678
100,186,841.6502563
107,186,1952.658976
113,186,2347.945784
114,186,3012.078532
116,186,12536.42572
120,186,16013.42238
125,186,3667.463793
127,186,19112.67541
128,186,19733.00965
137,186,2133.438033
140,186,4883.003277
141,186,4548.306354
142,186,3888.587753
143,186,4072.113588
144,186,4086.485494
148,186,4345.799245
151,186,7756.781767
152,186,11083.86989
158,186,2702.706071
161,186,2157.288501
162,186,2538.910576
163,186,2866.381067
164,186,810.6156662
166,186,9590.099153
170,186,1556.37324
186,186,0
209,186,5924.649988
211,186,3754.635011
224,186,3018.669951
229,186,3270.068253
230,186,1899.765916
231,186,4829.863035
232,186,5069.59425
233,186,2457.307271
234,186,1218.995712
236,186,6130.964623
237,186,4200.493169
238,186,6707.771686
239,186,5434.373995
243,186,17295.90431
244,186,14837.17594
246,186,1470.052256
249,186,2352.323424
261,186,6219.166725
262,186,6511.318206
263,186,6407.741215
4,209,3671.50409
12,209,1601.254482
13,209,1448.980954
24,209,14298.34914
41,209,15164.94697
42,209,17508.29501
43,209,11590.46813
45,209,789.9359211
48,209,7962.856396
50,209,8452.008151
68,209,5796.184473
74,209,15416.77066
75,209,13528.26568
79,209,3363.812434
87,209,540.8097521
88,209,1211.604207
90,209,4934.203579
100,209,6735.159862
107,209,4624.102077
113,209,3606.394585
114,209,2915.118104
116,209,18390.01692
120,209,21818.85315
125,209,2564.32695
127,209,24920.57069
128,209,25582.64731
137,209,5511.384089
140,209,9917.163889
141,209,9814.469113
142,209,9800.310634
143,209,9988.815184
144,209,1890.920345
148,209,2029.694578
151,209,13647.00474
152,209,16941.67711
158,209,3859.194569
161,209,7751.077119
162,209,7815.134731
163,209,8634.84455
164,209,6157.644939
166,209,15472.74515
170,209,6334.47684
186,209,5924.649988
209,209,0
211,209,2188.777815
224,209,4499.124273
229,209,8209.743832
230,209,7763.528705
231,209,1361.166534
232,209,2443.376502
233,209,7047.814231
234,209,4822.007271
236,209,11701.29959
237,209,9718.499655
238,209,12611.60706
239,209,11351.22943
243,209,23148.20415
244,209,20692.98745
246,209,6498.605208
249,209,3747.013085
261,209,1041.788646
262,209,11703.9172
263,209,11798.9891
4,211,2735.115229
12,211,3449.276258
13,211,2376.837235
24,211,12157.68758
41,211,13079.81516
42,211,15433.04688
43,211,9496.369958
45,211,1720.385017
48,211,5785.23186
50,211,6263.2562
68,211,3609.730249
74,211,13419.10966
75,211,11532.28849
79,211,1821.073436
87,211,2594.65869
88,211,3213.208941
90,211,2749.092064
100,211,4578.024693
107,211,2720.277743
113,211,1509.353514
114,211,801.1769549
116,211,16267.62819
120,211,19721.87352
125,211,750.3126774
127,211,22823.71194
128,211,23464.59793
137,211,3699.09307
140,211,8030.847497
141,211,7860.64547
142,211,7641.347516
143,211,7807.114743
144,211,677.0938342
148,211,1389.891903
151,211,11502.79583
152,211,14816.42331
158,211,1835.414987
161,211,5674.753156
162,211,5811.673013
163,211,6525.97199
164,211,4059.428097
166,211,13333.60044
170,211,4343.574629
186,211,3754.635011
209,211,2188.777815
211,211,0
224,211,3010.913493
229,211,6300.213302
230,211,5620.859422
231,211,1142.457854
232,211,2460.780558
233,211,5157.698845
234,211,2713.057521
236,211,9675.72066
237,211,7691.893683
238,211,10458.84435
239,211,9188.806012
243,211,21028.14175
244,211,18570.33044
246,211,4331.344113
249,211,1577.091782
261,211,2515.365502
262,211,9798.406073
263,211,9831.974623
4,224,1185.933181
12,224,6066.343977
13,224,5268.703379
24,224,10384.71982
41,224,11024.29179
42,224,13317.5286
43,224,7545.729577
45,224,3720.797224
48,224,4708.514807
50,224,5462.129186
68,224,3562.616167
74,224,11090.08264
75,224,9215.761106
79,224,1209.004946
87,224,5032.571511
88,224,5708.265725
90,224,2739.417337
100,224,3463.969524
107,224,1108.56227
113,224,1974.290218
114,224,2369.324283
116,224,14338.85463
120,224,17659.07725
125,224,3533.114768
127,224,20746.93089
128,224,21472.46461
137,224,1266.202621
140,224,5512.67736
141,224,5496.32273
142,224,6168.882217
143,224,6602.712444
144,224,2774.101657
148,224,2472.687647
151,224,9766.425444
152,224,12916.78603
158,224,3636.037581
161,224,3852.675564
162,224,3684.142111
163,224,4791.556317
164,224,2639.49136
166,224,11530.61184
170,224,2349.229481
186,224,3018.669951
209,224,4499.124273
211,224,3010.913493
224,224,0
229,224,3875.479755
230,224,4199.793654
231,224,4047.744332
232,224,2609.943908
233,224,2745.244406
234,224,1986.484127
236,224,7469.762035
237,224,5542.798203
238,224,8810.055177
239,224,7666.030866
243,224,19055.9877
244,224,16624.75051
246,224,4391.321169
249,224,2953.042006
261,224,5247.868481
262,224,7296.484562
263,224,7463.785428
4,229,5020.584044
12,229,9691.291422
13,229,8674.825882
24,229,6651.001946
41,229,7166.403542
42,229,9444.683735
43,229,3785.349321
45,229,7469.736595
48,229,2866.801823
50,229,3619.112125
68,229,4058.401701
74,229,7229.092859
75,229,5347.548304
79,229,4862.952726
87,229,8718.134095
88,229,9386.847743
90,229,4130.396735
100,229,2673.787796
107,229,3603.287732
113,229,4809.089664
114,229,5502.165364
116,229,10498.67289
120,229,13787.22765
125,229,6497.338525
127,229,16872.68275
128,229,17605.7781
137,229,2706.594914
140,229,1731.446116
141,229,1622.42484
142,229,3082.290466
143,229,3777.203228
144,229,6343.203848
148,229,6248.395707
151,229,6070.77028
152,229,9093.238436
158,229,5828.81277
161,229,1410.275802
162,229,802.6415949
163,229,1786.21416
164,229,2529.404853
166,229,7761.086551
170,229,1987.385093
186,229,3270.068253
209,229,8209.743832
211,229,6300.213302
224,229,3875.479755
229,229,0
230,229,2168.745459
231,229,7442.167862
232,229,6482.844079
233,229,1162.134699
234,229,3706.849516
236,229,3600.398018
237,229,1747.812814
238,229,5216.117575
239,229,4275.146641
243,229,15194.78389
244,229,12773.13035
246,229,4355.974289
249,229,5313.659548
261,229,8791.06132
262,229,3502.890973
263,229,3601.089994
4,230,5359.685294
12,230,9054.960576
13,230,7865.631175
24,230,6537.867507
41,230,7499.892102
42,230,9859.061322
43,230,3924.7902
45,230,7128.881563
48,230,723.4757358
50,230,1540.50073
68,230,2421.583043
74,230,8009.873923
75,230,6165.706533
79,230,4734.724041
87,230,8207.99662
88,230,8834.062606
90,230,2943.598428
100,230,1058.11566
107,230,3378.708335
113,230,4157.483179
114,230,4852.249066
116,230,10648.60599
120,230,14117.08174
125,230,5566.681257
127,230,17217.22323
128,230,17845.90928
137,230,2973.841828
140,230,3383.334698
141,230,2928.190504
142,230,2052.197498
143,230,2404.294505
144,230,5892.234604
148,230,6052.121509
151,230,5884.534545
152,230,9196.782745
158,230,4568.795957
161,230,769.7410078
162,230,1396.043861
163,230,1001.070563
164,230,1655.635251
166,230,7713.450021
170,230,1884.22173
186,230,1899.765916
209,230,7763.528705
211,230,5620.859422
224,230,4199.793654
229,230,2168.745459
230,230,0
231,230,6716.262513
232,230,6624.985217
233,230,2112.41223
234,230,2946.12682
236,230,4282.916996
237,230,2437.543789
238,230,4848.945866
239,230,3602.612295
243,230,15409.08585
244,230,12950.81044
246,230,2404.576066
249,230,4252.005327
261,230,8107.276939
262,230,4817.684544
263,230,4626.564325
4,231,3551.355522
12,231,2339.432094
13,231,1241.936679
24,231,13243.78127
41,231,14195.93058
42,231,16551.57343
43,231,10611.7755
45,231,1334.825331
48,231,6836.53428
50,231,7260.728334
68,231,4589.82232
74,231,14555.81231
75,231,12669.80869
79,231,2838.739783
87,231,1610.812108
88,231,2155.275509
90,231,3799.179697
100,231,5664.490827
107,231,3855.810919
113,231,2648.329188
114,231,1943.038106
116,231,17363.94153
120,231,20830.29661
125,231,1251.834944
127,231,23931.37681
128,231,24561.1009
137,231,4826.243099
140,231,9172.51658
141,231,9002.628123
142,231,8716.13259
143,231,8842.322923
144,231,1303.204101
148,231,1898.33092
151,231,12586.5461
152,231,15911.69401
158,231,2538.738436
161,231,6801.909615
162,231,6951.58543
163,231,7639.350252
164,231,5184.034441
166,231,14419.96215
170,231,5485.499878
186,231,4829.863035
209,231,1361.166534
211,231,1142.457854
224,231,4047.744332
229,231,7442.167862
230,231,6716.262513
231,231,0
232,231,2802.671089
233,231,6297.893911
234,231,3840.370216
236,231,10809.77258
237,231,8827.22175
238,231,11535.78485
239,231,10256.62127
243,231,22124.08674
244,231,19665.49918
246,231,5238.452223
249,231,2530.34562
261,231,1391.261736
262,231,10940.82082
263,231,10972.76332
4,232,1486.439545
12,232,4014.556066
13,232,3700.833747
24,232,12968.59024
41,232,13633.84367
42,232,15926.70835
43,232,10143.07927
45,232,1716.710345
48,232,7022.774758
50,232,7686.448133
68,232,5295.109888
74,232,13682.91671
75,232,11814.6777
79,232,1920.518331
87,232,2962.309286
88,232,3584.55661
90,232,4334.040597
100,232,5733.134375
107,232,3247.046136
113,232,2906.635265
114,232,2559.05502
116,232,16945.09319
120,232,20268.59886
125,232,3208.841637
127,232,23355.4726
128,232,24082.39441
137,232,3845.450709
140,232,8094.112331
141,232,8101.54743
142,232,8655.947055
143,232,9011.834355
144,232,1791.58355
148,232,1072.111573
151,232,12342.51426
152,232,15519.82716
158,232,4152.708689
161,232,6388.281625
162,232,6277.103611
163,232,7325.530783
164,232,4977.178309
166,232,14121.47484
170,232,4875.905163
186,232,5069.59425
209,232,2443.376502
211,232,2460.780558
224,232,2609.943908
229,232,6482.844079
230,232,6624.985217
231,232,2802.671089
232,232,0
233,232,5354.756335
234,232,3851.157852
236,232,10079.37396
237,232,8149.992918
238,232,11365.54798
239,232,10184.40525
243,232,21665.51163
244,232,19232.91328
246,232,6130.085797
249,232,3657.710536
261,232,3438.946528
262,232,9868.328228
263,232,10061.19296
4,233,3911.622589
12,233,8533.981779
13,233,7534.388427
24,233,7672.259597
41,233,8279.116202
42,233,10576.93514
43,233,4817.375344
45,233,6307.822073
48,233,2820.070519
50,233,3648.388196
68,233,3288.366698
74,233,8387.196804
75,233,6503.207122
79,233,3701.812159
87,233,7557.029821
88,233,8226.377781
90,233,3159.106942
100,233,2109.407227
107,233,2448.338255
113,233,3680.084588
114,233,4363.327535
116,233,11595.40599
120,233,14917.07713
125,233,5389.848763
127,233,18007.41557
128,233,18727.97699
137,233,1546.659583
140,233,2879.564566
141,233,2777.508767
142,233,3698.144372
143,233,4281.011146
144,233,5183.573867
148,233,5088.461106
151,233,7067.417998
152,233,10176.68618
158,233,4815.240005
161,233,1440.157785
162,233,1017.925771
163,233,2274.779297
164,233,1649.717137
166,233,8806.549292
170,233,950.9778804
186,233,2457.307271
209,233,7047.814231
211,233,5157.698845
224,233,2745.244406
229,233,1162.134699
230,233,2112.41223
231,233,6297.893911
232,233,5354.756335
233,233,0
234,233,2635.215348
236,233,4728.7051
237,233,2800.042225
238,233,6149.681062
239,233,5086.684136
243,233,16310.80659
244,233,13879.84366
246,233,3770.418774
249,233,4255.962409
261,233,7638.425563
262,233,4660.515998
263,233,4760.421618
4,234,2862.035102
12,234,6162.330142
13,234,5041.276506
24,234,9476.572962
41,234,10368.30506
42,234,12720.53584
43,234,6785.838989
45,234,4183.67762
48,234,3221.129331
50,234,3841.535027
68,234,1588.061459
74,234,10719.69204
75,234,8835.797739
79,234,1934.846301
87,234,5277.536906
88,234,5915.855164
90,234,779.1646447
100,234,1944.845646
107,234,880.2938857
113,234,1217.613568
114,234,1923.592357
116,234,13571.04979
120,234,17013.99658
125,234,2802.081008
127,234,20116.05906
128,234,20765.99493
137,234,1554.430148
140,234,5428.247657
141,234,5202.449735
142,234,4993.002088
143,234,5245.280465
144,234,2946.152142
148,234,3143.881473
151,234,8825.960308
152,234,12121.62941
158,234,2204.531602
161,234,2962.256879
162,234,3135.7166
163,234,3818.885247
164,234,1346.520554
166,234,10650.78325
170,234,1720.251872
186,234,1218.995712
209,234,4822.007271
211,234,2713.057521
224,234,1986.484127
229,234,3706.849516
230,234,2946.12682
231,234,3840.370216
232,234,3851.157852
233,234,2635.215348
234,234,0
236,234,6970.839539
237,234,4990.431862
238,234,7794.708024
239,234,6545.204206
243,234,18330.54071
244,234,15874.14718
246,234,2431.193408
249,234,1620.843094
261,234,5225.974543
262,234,7162.276465
263,234,7153.994185
4,236,8620.855085
12,236,13119.10538
13,236,12010.01534
24,236,3303.571001
41,236,3571.043752
42,236,5848.302232
43,236,997.1144234
45,236,10988.16937
48,236,4527.987379
50,236,4729.363293
68,236,6704.090027
74,236,3753.145569
75,236,1884.920199
79,236,8402.945028
87,236,12190.82367
88,236,12847.75499
90,236,7158.038022
100,236,5307.726045
107,236,7081.075202
113,236,8166.918414
114,236,8877.198531
116,236,6914.506175
120,236,10189.3188
125,236,9740.749547
127,236,13278.71049
128,236,14005.47685
137,236,6265.672823
140,236,2212.43241
141,236,2004.100338
142,236,2907.059562
143,236,3472.920646
144,236,9813.364892
148,236,9792.387989
151,236,2860.456841
152,236,5531.841443
158,236,8831.218537
161,236,4018.907127
162,236,3886.231708
163,236,3283.109486
164,236,5634.35561
166,236,4299.938261
170,236,5366.840827
186,236,6130.964623
209,236,11701.29959
211,236,9675.72066
224,236,7469.762035
229,236,3600.398018
230,236,4282.916996
231,236,10809.77258
232,236,10079.37396
233,236,4728.7051
234,236,6970.839539
236,236,0
237,236,1985.199319
238,236,2435.548815
239,236,2461.926408
243,236,11594.93226
244,236,9177.980374
246,236,6578.407699
249,236,8455.132052
261,236,12191.06471
262,236,1343.495142
263,236,711.8295417
4,237,6711.639774
12,237,11134.17864
13,237,10031.44383
24,237,4903.9623
41,237,5488.870026
42,237,7806.6703
43,237,2038.132578
45,237,9009.737783
48,237,2852.678881
50,237,3302.544618
68,237,4833.879457
74,237,5729.292004
75,237,3846.122886
79,237,6433.842365
87,237,10206.39896
88,237,10862.74921
90,237,5210.421493
100,237,3401.331734
107,237,5101.807316
113,237,6182.788883
114,237,6892.87145
116,237,8796.0797
120,237,12138.93228
125,237,7770.651022
127,237,15235.0194
128,237,15939.83464
137,237,4313.50517
140,237,1297.287294
141,237,711.4192799
142,237,1917.285366
143,237,2677.875432
144,237,7829.680484
148,237,7822.020277
151,237,4323.683613
152,237,7376.802872
158,237,6901.875883
161,237,2055.392415
162,237,1906.017113
163,237,1464.567206
164,237,3660.197138
166,237,6020.422955
170,237,3384.53881
186,237,4200.493169
209,237,9718.499655
211,237,7691.893683
224,237,5542.798203
229,237,1747.812814
230,237,2437.543789
231,237,8827.22175
232,237,8149.992918
233,237,2800.042225
234,237,4990.431862
236,237,1985.199319
237,237,0
238,237,3493.33006
239,237,2680.038625
243,237,13518.40581
244,237,11083.00702
246,237,4828.491836
249,237,6496.589599
261,237,10207.09428
262,237,2385.168263
263,237,2208.347111
4,238,9995.935387
12,238,13874.25104
13,238,12648.91988
24,238,1728.762378
41,238,3052.016957
42,238,5306.660854
43,238,1592.46422
45,238,11975.61886
48,238,4716.004335
50,238,4478.997929
68,238,7029.299523
74,238,4211.128177
75,238,3049.063732
79,238,9526.879044
87,238,13050.94981
88,238,13669.57855
90,238,7737.468057
100,238,5881.029405
107,238,8158.608065
113,238,9006.167796
114,238,9698.345381
116,238,5866.945814
120,238,9388.267044
125,238,10349.71457
127,238,12469.94873
128,238,13047.69347
137,238,7544.80011
140,238,4360.370361
141,238,3933.870031
142,238,2819.655284
143,238,2827.53526
144,238,10740.83706
148,238,10876.45393
151,238,1068.487497
152,238,4418.834109
158,238,9239.727347
161,238,4977.44207
162,238,5148.016685
163,238,4042.291876
164,238,6481.336398
166,238,2897.11428
170,238,6489.787066
186,238,6707.771686
209,238,12611.60706
211,238,10458.84435
224,238,8810.055177
229,238,5216.117575
230,238,4848.945866
231,238,11535.78485
232,238,11365.54798
233,238,6149.681062
234,238,7794.708024
236,238,2435.548815
237,238,3493.33006
238,238,0
239,238,1297.097893
243,238,10612.06072
244,238,8155.511694
246,238,6613.329101
249,238,9029.02509
261,238,12922.94301
262,238,3755.631909
263,238,3104.500296
4,239,8849.839251
12,239,12593.54926
13,239,11360.76047
24,239,3025.82726
41,239,4270.415553
42,239,6572.780149
43,239,1472.184795
45,239,10728.86473
48,239,3426.469883
50,239,3187.939035
68,239,5735.079194
74,239,5246.474712
75,239,3766.879864
79,239,8319.55844
87,239,11782.94443
88,239,12395.88622
90,239,6457.45762
100,239,4616.071086
107,239,6953.855671
113,239,7750.199053
114,239,8436.174658
116,239,7163.914162
120,239,10684.72489
125,239,9063.318569
127,239,13767.04634
128,239,14341.78586
137,239,6400.957778
140,239,3801.556066
141,239,3275.193938
142,239,1552.251996
143,239,1545.514735
144,239,9489.381142
148,239,9651.994723
151,239,2365.2521
152,239,5715.906719
158,239,7944.663039
161,239,3813.374901
162,239,4069.353998
163,239,2874.78607
164,239,5251.608255
166,239,4193.03968
170,239,5322.958214
186,239,5434.373995
209,239,11351.22943
211,239,9188.806012
224,239,7666.030866
229,239,4275.146641
230,239,3602.612295
231,239,10256.62127
232,239,10184.40525
233,239,5086.684136
234,239,6545.204206
236,239,2461.926408
237,239,2680.038625
238,239,1297.097893
239,239,0
243,239,11906.77977
244,239,9451.040236
246,239,5318.137576
249,239,7743.384278
261,239,11641.62789
262,239,3765.544803
263,239,3168.333979
4,243,20214.07038
12,243,24463.34246
13,243,23254.57215
24,243,8888.888315
41,243,8031.696194
42,243,5784.233932
43,243,11566.29386
45,243,22475.2435
48,243,15326.79743
50,243,15057.71407
68,243,17641.32645
74,243,8244.976866
75,243,9974.759121
79,243,19936.34614
87,243,23607.86923
88,243,24240.83094
90,243,18333.68502
100,243,16459.62129
107,243,18583.92029
113,243,19548.15228
114,243,20251.53323
116,243,4760.549438
120,243,1564.464959
125,243,20953.53651
127,243,2002.010978
128,243,2437.115619
137,243,17831.72867
140,243,13694.96674
141,243,13592.40905
142,243,13421.87726
143,243,13404.79596
144,243,21261.08956
148,243,21318.43389
151,243,9549.260323
152,243,6212.417026
158,243,19851.41811
161,243,15404.08807
162,243,15410.34422
163,243,14513.49753
164,243,16990.7319
166,243,7715.283398
170,243,16866.98241
186,243,17295.90431
209,243,23148.20415
211,243,21028.14175
224,243,19055.9877
229,243,15194.78389
230,243,15409.08585
231,243,22124.08674
232,243,21665.51163
233,243,16310.80659
234,243,18330.54071
236,243,11594.93226
237,243,13518.40581
238,243,10612.06072
239,243,11906.77977
243,243,0
244,243,2458.758935
246,243,17199.48448
249,243,19632.60922
261,243,23514.45779
262,243,12037.00601
263,243,11700.09467
4,244,17787.90727
12,244,22004.79252
13,244,20795.99626
24,244,6431.01778
41,244,5607.307191
42,244,3450.76395
43,244,9117.016877
45,244,20023.03222
48,244,12869.23562
50,244,12608.42675
68,244,15184.71322
74,244,5980.450231
75,244,7619.708955
79,244,17490.84532
87,244,21151.15106
88,244,21783.19496
90,244,15874.93011
100,244,14001.01398
107,244,16135.75267
113,244,17091.7228
114,244,17794.55057
116,244,2303.097483
120,244,1446.352513
125,244,18494.90271
127,244,4348.2141
128,244,4895.873146
137,244,15394.24866
140,244,11307.7666
141,244,11180.46705
142,244,10963.57649
143,244,10954.33008
144,244,18806.71338
148,244,18870.9951
151,244,7091.640457
152,244,3754.029041
158,244,17395.23671
161,244,12952.11844
162,244,12968.87446
163,244,12058.16077
164,244,14535.34318
166,244,5258.404703
170,244,14420.45432
186,244,14837.17594
209,244,20692.98745
211,244,18570.33044
224,244,16624.75051
229,244,12773.13035
230,244,12950.81044
231,244,19665.49918
232,244,19232.91328
233,244,13879.84366
234,244,15874.14718
236,244,9177.980374
237,244,11083.00702
238,244,8155.511694
239,244,9451.040236
243,244,2458.758935
244,244,0
246,244,14750.00298
249,244,17173.99273
261,244,21055.80881
262,244,9690.774709
263,244,9319.137885
4,246,5284.177057
12,246,7509.076928
13,246,6209.909756
24,246,8341.039624
41,246,9524.243799
42,246,11863.76867
43,246,6059.328591
45,246,6036.532151
48,246,2053.245155
50,246,2141.771428
68,246,850.0853757
74,246,10226.48932
75,246,8436.345372
79,246,4277.29436
87,246,6841.983529
88,246,7385.044581
90,246,1800.552733
100,246,1695.473776
107,246,3287.19899
113,246,3231.999405
114,246,3742.160917
116,246,12473.86127
120,246,16001.15362
125,246,3988.447753
127,246,19078.31292
128,246,19629.43094
137,246,3600.236095
140,246,5769.850837
141,246,5331.544118
142,246,3896.984954
143,246,3795.858455
144,246,4828.149962
148,246,5256.50357
151,246,7681.714654
152,246,11029.88031
158,246,2741.383777
161,246,3010.547961
162,246,3559.069271
163,246,3366.570398
164,246,2211.617537
166,246,9500.417688
170,246,2956.527918
186,246,1470.052256
209,246,6498.605208
211,246,4331.344113
224,246,4391.321169
229,246,4355.974289
230,246,2404.576066
231,246,5238.452223
232,246,6130.085797
233,246,3770.418774
234,246,2431.193408
236,246,6578.407699
237,246,4828.491836
238,246,6613.329101
239,246,5318.137576
243,246,17199.48448
244,246,14750.00298
246,246,0
249,246,2755.43033
261,246,6565.781728
262,246,7213.434756
263,246,6986.798485
4,249,3293.193657
12,249,4855.685792
13,249,3622.099405
24,249,10745.05089
41,249,11751.89675
42,249,14111.06333
43,249,8174.614899
45,249,3290.911246
48,249,4317.788175
50,249,4731.629201
68,249,2061.632563
74,249,12207.43153
75,249,10335.20915
79,249,2144.558065
87,249,4110.807863
88,249,4684.982951
90,249,1308.624549
100,249,3193.924019
107,249,2121.21197
113,249,998.1130265
114,249,1101.485309
116,249,14875.42802
120,249,18360.86028
125,249,1320.981343
127,249,21458.85418
128,249,22069.57937
137,249,3060.346695
140,249,7024.329937
141,249,6767.452481
142,249,6211.887268
143,249,6314.219907
144,249,2117.09268
148,249,2656.054612
151,249,10085.77725
152,249,13422.71642
158,249,683.4082052
161,249,4441.79562
162,249,4700.834906
163,249,5212.374987
164,249,2849.674797
166,249,11920.46207
170,249,3333.4183
186,249,2352.323424
209,249,3747.013085
211,249,1577.091782
224,249,2953.042006
229,249,5313.659548
230,249,4252.005327
231,249,2530.34562
232,249,3657.710536
233,249,4255.962409
234,249,1620.843094
236,249,8455.132052
237,249,6496.589599
238,249,9029.02509
239,249,7743.384278
243,249,19632.60922
244,249,17173.99273
246,249,2755.43033
249,249,0
261,249,3903.292322
262,249,8735.312724
263,249,8689.508345
4,261,4551.381075
12,261,952.4174039
13,261,545.0400546
24,261,14632.79935
41,261,15586.38677
42,261,17941.58386
43,261,12002.2416
45,261,1725.777544
48,261,8218.61969
50,261,8621.867592
68,261,5952.959146
74,261,15933.62271
75,261,14046.35508
79,261,4056.975869
87,261,704.0184201
88,261,865.3710225
90,261,5185.475247
100,261,7054.882428
107,261,5190.096326
113,261,4024.309495
114,261,3314.468785
116,261,18754.47071
120,261,22221.54748
125,261,2593.380676
127,261,25322.63835
128,261,25951.51242
137,261,6137.801334
140,261,10517.68621
141,261,10366.08253
142,261,10103.46873
143,261,10216.94012
144,261,2488.327059
148,261,2852.752426
151,261,13975.14278
152,261,17302.12831
158,261,3830.240965
161,261,8188.229789
162,261,8323.885424
163,261,9029.95678
164,261,6571.275863
166,261,15808.93163
170,261,6851.190934
186,261,6219.166725
209,261,1041.788646
211,261,2515.365502
224,261,5247.868481
229,261,8791.06132
230,261,8107.276939
231,261,1391.261736
232,261,3438.946528
233,261,7638.425563
234,261,5225.974543
236,261,12191.06471
237,261,10207.09428
238,261,12922.94301
239,261,11641.62789
243,261,23514.45779
244,261,21055.80881
246,261,6565.781728
249,261,3903.292322
261,261,0
262,261,12293.56745
263,261,12341.57949
4,262,8383.756745
12,262,13193.84647
13,262,12170.02683
24,262,4372.118373
41,262,4209.747298
42,262,6256.700057
43,262,2328.082516
45,262,10955.58737
48,262,5226.216972
50,262,5597.330979
68,262,7189.338379
74,262,3848.347285
75,262,2071.487567
79,262,8346.527305
87,262,12216.1487
88,262,12886.34638
90,262,7484.387338
100,262,5745.110587
107,262,7106.08888
113,262,8300.35984
114,262,8998.774104
116,262,7515.083915
120,262,10561.48832
125,262,9964.276612
127,262,13601.4461
128,262,14400.51332
137,262,6192.731344
140,262,1788.193834
141,262,1969.372569
142,262,3913.234316
143,262,4579.150287
144,262,9844.0729
148,262,9723.565574
151,262,4037.728055
152,262,6235.05666
158,262,9191.639953
161,262,4356.454156
162,262,4034.685208
163,262,3849.229821
164,262,5888.511274
166,262,5213.658855
170,262,5462.206131
186,262,6511.318206
209,262,11703.9172
211,262,9798.406073
224,262,7296.484562
229,262,3502.890973
230,262,4817.684544
231,262,10940.82082
232,262,9868.328228
233,262,4660.515998
234,262,7162.276465
236,262,1343.495142
237,262,2385.168263
238,262,3755.631909
239,262,3765.544803
243,262,12037.00601
244,262,9690.774709
246,262,7213.434756
249,262,8735.312724
261,262,12293.56745
262,262,0
263,262,651.4459004
4,263,8585.035151
12,263,13256.49528
13,263,12190.0279
24,263,3772.949002
41,263,3759.556075
42,263,5918.24533
43,263,1708.500009
45,263,11066.15693
48,263,4957.856588
50,263,5245.875848
68,263,7037.246906
74,263,3628.351829
75,263,1753.836837
79,263,8462.058052
87,263,12301.1585
88,263,12965.95789
90,263,7411.715176
100,263,5609.039728
107,263,7177.901589
113,263,8324.538829
114,263,9030.817681
116,263,7100.61732
120,263,10252.95826
125,263,9949.295713
127,263,13319.55782
128,263,14087.17761
137,263,6306.82333
140,263,1995.95651
141,263,1984.787269
142,263,3480.496617
143,263,4098.9965
144,263,9922.03707
148,263,9848.80791
151,263,3407.959832
152,263,5774.003101
158,263,9107.722423
161,263,4256.464752
162,263,4022.101043
163,263,3631.392634
164,263,5842.85162
166,263,4668.951695
170,263,5490.421734
186,263,6407.741215
209,263,11798.9891
211,263,9831.974623
224,263,7463.785428
229,263,3601.089994
230,263,4626.564325
231,263,10972.76332
232,263,10061.19296
233,263,4760.421618
234,263,7153.994185
236,263,711.8295417
237,263,2208.347111
238,263,3104.500296
239,263,3168.333979
243,263,11700.09467
244,263,9319.137885
246,263,6986.798485
249,263,8689.508345
261,263,12341.57949
262,263,651.4459004
263,263,0
