TAZ_O,TAZ_D,volume
0,1,1
0,2,9
0,3,8
0,4,1
0,5,0
0,6,0
0,7,0
0,8,4
0,9,1
0,10,12
0,11,11
0,12,8
0,13,18
0,14,29
0,15,8
0,16,5
0,17,7
0,18,0
0,19,4
0,20,39
0,21,28
0,22,3
0,23,76
0,24,5
0,25,14
0,26,22
0,27,1
0,28,0
0,29,0
0,30,5
0,31,5
0,32,6
0,33,8
0,34,4
0,35,2
0,36,13
0,37,85
0,38,1
0,39,2
0,40,0
0,41,0
0,42,4
0,43,4
0,44,2
0,45,4
0,46,1
0,47,4
0,48,6
0,49,0
0,50,10
0,51,0
0,52,0
0,53,4
0,54,2
0,55,0
0,56,2
0,57,0
0,58,3
0,59,1
0,60,4
0,61,0
0,62,0
0,63,0
0,64,5
0,65,1
0,66,0
0,67,1
0,68,0
0,69,0
0,70,2
0,71,2
0,72,2
0,73,0
1,0,6
1,2,1
1,3,7
1,4,0
1,5,0
1,6,0
1,7,1
1,8,0
1,9,1
1,10,1
1,11,6
1,12,1
1,13,5
1,14,9
1,15,2
1,16,0
1,17,1
1,18,0
1,19,2
1,20,2
1,21,2
1,22,0
1,23,5
1,24,0
1,25,0
1,26,4
1,27,0
1,28,0
1,29,0
1,30,1
1,31,0
1,32,4
1,33,4
1,34,2
1,35,0
1,36,0
1,37,3
1,38,1
1,39,0
1,40,0
1,41,1
1,42,0
1,43,1
1,44,0
1,45,0
1,46,0
1,47,0
1,48,0
1,49,0
1,50,0
1,51,0
1,52,0
1,53,0
1,54,0
1,55,0
1,56,0
1,57,0
1,58,1
1,59,0
1,60,0
1,61,0
1,62,0
1,63,0
1,64,0
1,65,1
1,66,0
1,67,0
1,68,0
1,69,0
1,70,0
1,71,0
1,72,0
1,73,0
2,0,285
2,1,108
2,3,1134
2,4,163
2,5,55
2,6,11
2,7,422
2,8,225
2,9,165
2,10,356
2,11,307
2,12,430
2,13,2162
2,14,5078
2,15,1239
2,16,174
2,17,707
2,18,84
2,19,178
2,20,574
2,21,1248
2,22,143
2,23,2183
2,24,637
2,25,1264
2,26,996
2,27,159
2,28,34
2,29,59
2,30,274
2,31,121
2,32,442
2,33,1533
2,34,533
2,35,296
2,36,597
2,37,520
2,38,193
2,39,265
2,40,211
2,41,76
2,42,91
2,43,130
2,44,120
2,45,173
2,46,150
2,47,230
2,48,126
2,49,119
2,50,178
2,51,26
2,52,80
2,53,52
2,54,118
2,55,42
2,56,99
2,57,53
2,58,153
2,59,20
2,60,143
2,61,154
2,62,36
2,63,38
2,64,134
2,65,69
2,66,16
2,67,107
2,68,8
2,69,116
2,70,173
2,71,21
2,72,154
2,73,25
3,0,441
3,1,144
3,2,868
3,4,309
3,5,116
3,6,14
3,7,1443
3,8,89
3,9,94
3,10,319
3,11,453
3,12,522
3,13,3344
3,14,8949
3,15,2875
3,16,356
3,17,1309
3,18,76
3,19,104
3,20,447
3,21,2038
3,22,115
3,23,3525
3,24,920
3,25,2629
3,26,2357
3,27,192
3,28,41
3,29,166
3,30,225
3,31,92
3,32,682
3,33,3374
3,34,628
3,35,300
3,36,1050
3,37,735
3,38,421
3,39,425
3,40,281
3,41,35
3,42,85
3,43,89
3,44,52
3,45,213
3,46,102
3,47,213
3,48,127
3,49,98
3,50,465
3,51,87
3,52,63
3,53,19
3,54,93
3,55,36
3,56,61
3,57,42
3,58,185
3,59,40
3,60,101
3,61,157
3,62,4
3,63,38
3,64,188
3,65,52
3,66,31
3,67,320
3,68,12
3,69,233
3,70,250
3,71,13
3,72,51
3,73,10
4,0,4
4,1,1
4,2,68
4,3,220
4,5,26
4,6,2
4,7,15
4,8,2
4,9,2
4,10,2
4,11,1
4,12,6
4,13,271
4,14,307
4,15,178
4,16,69
4,17,83
4,18,7
4,19,5
4,20,45
4,21,14
4,22,2
4,23,42
4,24,23
4,25,125
4,26,72
4,27,50
4,28,13
4,29,3
4,30,7
4,31,5
4,32,34
4,33,20
4,34,29
4,35,37
4,36,41
4,37,53
4,38,24
4,39,16
4,40,24
4,41,3
4,42,4
4,43,2
4,44,7
4,45,13
4,46,42
4,47,13
4,48,9
4,49,14
4,50,8
4,51,6
4,52,7
4,53,1
4,54,1
4,55,2
4,56,6
4,57,5
4,58,128
4,59,6
4,60,7
4,61,4
4,62,1
4,63,2
4,64,7
4,65,3
4,66,2
4,67,3
4,68,1
4,69,50
4,70,97
4,71,2
4,72,5
4,73,1
5,0,2
5,1,0
5,2,10
5,3,75
5,4,14
5,6,1
5,7,11
5,8,0
5,9,0
5,10,7
5,11,0
5,12,3
5,13,65
5,14,180
5,15,99
5,16,16
5,17,17
5,18,31
5,19,1
5,20,4
5,21,124
5,22,1
5,23,8
5,24,8
5,25,11
5,26,6
5,27,50
5,28,1
5,29,7
5,30,2
5,31,1
5,32,2
5,33,4
5,34,2
5,35,9
5,36,10
5,37,4
5,38,29
5,39,5
5,40,13
5,41,0
5,42,1
5,43,2
5,44,2
5,45,5
5,46,3
5,47,1
5,48,0
5,49,4
5,50,2
5,51,2
5,52,2
5,53,0
5,54,0
5,55,0
5,56,3
5,57,3
5,58,2
5,59,1
5,60,0
5,61,6
5,62,0
5,63,0
5,64,3
5,65,1
5,66,1
5,67,0
5,68,0
5,69,0
5,70,14
5,71,2
5,72,6
5,73,0
6,0,3
6,1,1
6,2,8
6,3,13
6,4,4
6,5,3
6,7,4
6,8,0
6,9,0
6,10,0
6,11,0
6,12,0
6,13,35
6,14,113
6,15,11
6,16,8
6,17,36
6,18,1
6,19,3
6,20,1
6,21,0
6,22,1
6,23,15
6,24,0
6,25,35
6,26,12
6,27,3
6,28,0
6,29,0
6,30,2
6,31,0
6,32,0
6,33,7
6,34,0
6,35,0
6,36,10
6,37,4
6,38,7
6,39,0
6,40,6
6,41,0
6,42,1
6,43,2
6,44,2
6,45,2
6,46,0
6,47,1
6,48,3
6,49,3
6,50,1
6,51,0
6,52,0
6,53,1
6,54,1
6,55,5
6,56,1
6,57,0
6,58,21
6,59,0
6,60,1
6,61,0
6,62,0
6,63,1
6,64,1
6,65,1
6,66,0
6,67,0
6,68,0
6,69,0
6,70,3
6,71,1
6,72,0
6,73,0
7,0,7
7,1,37
7,2,537
7,3,1701
7,4,27
7,5,14
7,6,4
7,8,7
7,9,3
7,10,16
7,11,8
7,12,30
7,13,346
7,14,1328
7,15,93
7,16,39
7,17,552
7,18,7
7,19,59
7,20,4
7,21,15
7,22,9
7,23,66
7,24,17
7,25,65
7,26,51
7,27,20
7,28,2
7,29,5
7,30,75
7,31,18
7,32,32
7,33,42
7,34,63
7,35,59
7,36,21
7,37,18
7,38,9
7,39,83
7,40,11
7,41,2
7,42,5
7,43,5
7,44,4
7,45,9
7,46,10
7,47,5
7,48,10
7,49,12
7,50,13
7,51,2
7,52,2
7,53,3
7,54,10
7,55,2
7,56,1
7,57,1
7,58,7
7,59,8
7,60,6
7,61,61
7,62,0
7,63,0
7,64,20
7,65,4
7,66,1
7,67,6
7,68,3
7,69,5
7,70,17
7,71,5
7,72,2
7,73,1
8,0,84
8,1,4
8,2,149
8,3,79
8,4,6
8,5,4
8,6,0
8,7,7
8,9,53
8,10,27
8,11,32
8,12,55
8,13,434
8,14,532
8,15,59
8,16,39
8,17,107
8,18,3
8,19,35
8,20,156
8,21,174
8,22,34
8,23,213
8,24,58
8,25,137
8,26,95
8,27,9
8,28,2
8,29,4
8,30,148
8,31,35
8,32,116
8,33,412
8,34,132
8,35,28
8,36,42
8,37,91
8,38,23
8,39,51
8,40,4
8,41,26
8,42,23
8,43,54
8,44,32
8,45,53
8,46,20
8,47,11
8,48,44
8,49,17
8,50,1
8,51,11
8,52,12
8,53,16
8,54,45
8,55,5
8,56,34
8,57,7
8,58,19
8,59,3
8,60,4
8,61,3
8,62,0
8,63,11
8,64,70
8,65,9
8,66,2
8,67,13
8,68,0
8,69,6
8,70,75
8,71,3
8,72,3
8,73,0
9,0,28
9,1,2
9,2,89
9,3,63
9,4,3
9,5,0
9,6,0
9,7,1
9,8,28
9,10,15
9,11,9
9,12,20
9,13,264
9,14,315
9,15,38
9,16,19
9,17,125
9,18,2
9,19,56
9,20,126
9,21,171
9,22,234
9,23,152
9,24,40
9,25,114
9,26,38
9,27,8
9,28,2
9,29,3
9,30,52
9,31,47
9,32,51
9,33,213
9,34,91
9,35,13
9,36,43
9,37,54
9,38,9
9,39,5
9,40,11
9,41,23
9,42,13
9,43,22
9,44,11
9,45,17
9,46,6
9,47,16
9,48,6
9,49,13
9,50,4
9,51,1
9,52,31
9,53,5
9,54,9
9,55,3
9,56,5
9,57,0
9,58,33
9,59,6
9,60,1
9,61,2
9,62,0
9,63,10
9,64,48
9,65,3
9,66,0
9,67,8
9,68,3
9,69,5
9,70,33
9,71,35
9,72,3
9,73,0
10,0,43
10,1,4
10,2,188
10,3,203
10,4,3
10,5,1
10,6,1
10,7,12
10,8,24
10,9,17
10,11,36
10,12,65
10,13,393
10,14,543
10,15,73
10,16,141
10,17,117
10,18,5
10,19,57
10,20,215
10,21,300
10,22,78
10,23,297
10,24,124
10,25,187
10,26,64
10,27,5
10,28,3
10,29,3
10,30,52
10,31,27
10,32,60
10,33,128
10,34,107
10,35,25
10,36,42
10,37,37
10,38,6
10,39,10
10,40,6
10,41,32
10,42,46
10,43,192
10,44,29
10,45,21
10,46,13
10,47,116
10,48,6
10,49,8
10,50,13
10,51,2
10,52,8
10,53,22
10,54,9
10,55,8
10,56,12
10,57,9
10,58,6
10,59,3
10,60,7
10,61,6
10,62,0
10,63,4
10,64,50
10,65,37
10,66,0
10,67,5
10,68,1
10,69,4
10,70,19
10,71,3
10,72,11
10,73,1
11,0,70
11,1,1
11,2,160
11,3,86
11,4,6
11,5,0
11,6,2
11,7,7
11,8,35
11,9,52
11,10,35
11,12,61
11,13,172
11,14,246
11,15,63
11,16,13
11,17,58
11,18,4
11,19,29
11,20,75
11,21,172
11,22,51
11,23,182
11,24,69
11,25,83
11,26,89
11,27,16
11,28,2
11,29,0
11,30,34
11,31,25
11,32,37
11,33,78
11,34,76
11,35,29
11,36,49
11,37,53
11,38,15
11,39,12
11,40,4
11,41,7
11,42,28
11,43,43
11,44,10
11,45,26
11,46,32
11,47,21
11,48,16
11,49,3
11,50,32
11,51,1
11,52,7
11,53,10
11,54,6
11,55,7
11,56,5
11,57,7
11,58,12
11,59,5
11,60,14
11,61,10
11,62,0
11,63,11
11,64,27
11,65,2
11,66,2
11,67,10
11,68,1
11,69,3
11,70,32
11,71,0
11,72,6
11,73,2
12,0,92
12,1,4
12,2,250
12,3,229
12,4,32
12,5,3
12,6,3
12,7,21
12,8,56
12,9,19
12,10,58
12,11,46
12,13,527
12,14,1357
12,15,198
12,16,120
12,17,268
12,18,7
12,19,82
12,20,163
12,21,278
12,22,130
12,23,620
12,24,237
12,25,375
12,26,177
12,27,41
12,28,13
12,29,11
12,30,115
12,31,55
12,32,130
12,33,508
12,34,253
12,35,86
12,36,158
12,37,111
12,38,61
12,39,18
12,40,15
12,41,36
12,42,71
12,43,91
12,44,132
12,45,116
12,46,36
12,47,73
12,48,62
12,49,44
12,50,38
12,51,3
12,52,35
12,53,24
12,54,29
12,55,31
12,56,29
12,57,16
12,58,100
12,59,62
12,60,63
12,61,24
12,62,1
12,63,13
12,64,71
12,65,35
12,66,12
12,67,36
12,68,7
12,69,44
12,70,178
12,71,7
12,72,32
12,73,2
13,0,698
13,1,81
13,2,1596
13,3,1893
13,4,610
13,5,83
13,6,23
13,7,195
13,8,600
13,9,425
13,10,428
13,11,372
13,12,982
13,14,8026
13,15,2719
13,16,831
13,17,2185
13,18,106
13,19,1151
13,20,1527
13,21,2501
13,22,930
13,23,4049
13,24,1497
13,25,3378
13,26,2500
13,27,578
13,28,143
13,29,117
13,30,1048
13,31,831
13,32,1504
13,33,2946
13,34,2788
13,35,1715
13,36,2158
13,37,1600
13,38,827
13,39,410
13,40,264
13,41,674
13,42,1053
13,43,1065
13,44,857
13,45,1322
13,46,1146
13,47,950
13,48,695
13,49,554
13,50,334
13,51,128
13,52,777
13,53,325
13,54,590
13,55,732
13,56,635
13,57,274
13,58,601
13,59,244
13,60,447
13,61,418
13,62,7
13,63,187
13,64,508
13,65,350
13,66,157
13,67,589
13,68,54
13,69,374
13,70,1282
13,71,117
13,72,460
13,73,48
14,0,2029
14,1,269
14,2,4891
14,3,5032
14,4,1060
14,5,332
14,6,92
14,7,1124
14,8,1292
14,9,878
14,10,1105
14,11,1253
14,12,4287
14,13,14205
14,15,6066
14,16,2141
14,17,6907
14,18,310
14,19,2742
14,20,2189
14,21,6739
14,22,2003
14,23,14627
14,24,4852
14,25,7752
14,26,10772
14,27,1881
14,28,653
14,29,436
14,30,2613
14,31,1338
14,32,4152
14,33,8906
14,34,6904
14,35,3409
14,36,9035
14,37,6787
14,38,4556
14,39,1850
14,40,1085
14,41,970
14,42,1491
14,43,2267
14,44,881
14,45,2955
14,46,2298
14,47,3723
14,48,2818
14,49,2683
14,50,1785
14,51,479
14,52,957
14,53,542
14,54,508
14,55,827
14,56,1279
14,57,922
14,58,2776
14,59,990
14,60,1786
14,61,1922
14,62,92
14,63,390
14,64,1603
14,65,483
14,66,330
14,67,2003
14,68,252
14,69,1526
14,70,3932
14,71,416
14,72,1491
14,73,162
15,0,128
15,1,14
15,2,695
15,3,827
15,4,168
15,5,81
15,6,13
15,7,71
15,8,37
15,9,25
15,10,60
15,11,57
15,12,291
15,13,2137
15,14,2232
15,16,439
15,17,1188
15,18,77
15,19,69
15,20,130
15,21,246
15,22,177
15,23,910
15,24,451
15,25,966
15,26,1186
15,27,599
15,28,162
15,29,219
15,30,162
15,31,86
15,32,243
15,33,351
15,34,462
15,35,477
15,36,710
15,37,1060
15,38,929
15,39,492
15,40,410
15,41,54
15,42,109
15,43,218
15,44,80
15,45,247
15,46,212
15,47,345
15,48,262
15,49,430
15,50,343
15,51,105
15,52,100
15,53,42
15,54,65
15,55,54
15,56,125
15,57,81
15,58,196
15,59,111
15,60,283
15,61,359
15,62,12
15,63,45
15,64,128
15,65,44
15,66,16
15,67,103
15,68,29
15,69,104
15,70,694
15,71,86
15,72,299
15,73,28
16,0,24
16,1,2
16,2,79
16,3,110
16,4,48
16,5,17
16,6,10
16,7,24
16,8,29
16,9,43
16,10,78
16,11,4
16,12,90
16,13,268
16,14,453
16,15,325
16,17,142
16,18,37
16,19,12
16,20,67
16,21,58
16,22,7
16,23,122
16,24,61
16,25,158
16,26,154
16,27,207
16,28,25
16,29,39
16,30,21
16,31,11
16,32,20
16,33,46
16,34,74
16,35,38
16,36,89
16,37,171
16,38,104
16,39,69
16,40,79
16,41,13
16,42,12
16,43,23
16,44,12
16,45,19
16,46,30
16,47,40
16,48,37
16,49,47
16,50,37
16,51,40
16,52,9
16,53,6
16,54,4
16,55,4
16,56,19
16,57,12
16,58,10
16,59,23
16,60,32
16,61,24
16,62,2
16,63,1
16,64,10
16,65,7
16,66,8
16,67,10
16,68,3
16,69,18
16,70,231
16,71,11
16,72,31
16,73,7
17,0,209
17,1,9
17,2,1354
17,3,1995
17,4,273
17,5,120
17,6,61
17,7,982
17,8,184
17,9,161
17,10,171
17,11,194
17,12,661
17,13,3496
17,14,8727
17,15,2949
17,16,545
17,18,242
17,19,379
17,20,185
17,21,1174
17,22,513
17,23,4588
17,24,1318
17,25,2346
17,26,2555
17,27,1153
17,28,206
17,29,231
17,30,676
17,31,381
17,32,1291
17,33,3025
17,34,1828
17,35,778
17,36,1988
17,37,1894
17,38,1640
17,39,939
17,40,569
17,41,242
17,42,348
17,43,749
17,44,220
17,45,637
17,46,788
17,47,798
17,48,616
17,49,1308
17,50,808
17,51,215
17,52,227
17,53,345
17,54,404
17,55,157
17,56,477
17,57,284
17,58,1084
17,59,522
17,60,635
17,61,1002
17,62,24
17,63,161
17,64,1403
17,65,111
17,66,217
17,67,616
17,68,138
17,69,543
17,70,2391
17,71,214
17,72,600
17,73,84
18,0,3
18,1,0
18,2,21
18,3,88
18,4,6
18,5,3
18,6,0
18,7,14
18,8,2
18,9,6
18,10,2
18,11,2
18,12,6
18,13,75
18,14,93
18,15,48
18,16,49
18,17,71
18,19,6
18,20,12
18,21,9
18,22,4
18,23,28
18,24,6
18,25,10
18,26,9
18,27,11
18,28,10
18,29,13
18,30,2
18,31,1
18,32,6
18,33,4
18,34,4
18,35,10
18,36,7
18,37,18
18,38,12
18,39,110
18,40,20
18,41,2
18,42,16
18,43,0
18,44,3
18,45,1
18,46,6
18,47,7
18,48,9
18,49,10
18,50,11
18,51,9
18,52,1
18,53,3
18,54,5
18,55,1
18,56,0
18,57,1
18,58,6
18,59,4
18,60,4
18,61,2
18,62,0
18,63,0
18,64,3
18,65,2
18,66,5
18,67,2
18,68,1
18,69,1
18,70,53
18,71,0
18,72,13
18,73,1
19,0,64
19,1,4
19,2,230
19,3,52
19,4,13
19,5,4
19,6,1
19,7,11
19,8,30
19,9,52
19,10,35
19,11,16
19,12,64
19,13,843
19,14,1009
19,15,94
19,16,34
19,17,178
19,18,5
19,20,147
19,21,370
19,22,73
19,23,361
19,24,135
19,25,271
19,26,75
19,27,20
19,28,6
19,29,6
19,30,97
19,31,89
19,32,148
19,33,487
19,34,343
19,35,45
19,36,71
19,37,92
19,38,41
19,39,61
19,40,22
19,41,43
19,42,283
19,43,163
19,44,54
19,45,71
19,46,62
19,47,60
19,48,17
19,49,42
19,50,9
19,51,15
19,52,39
19,53,47
19,54,87
19,55,15
19,56,89
19,57,17
19,58,41
19,59,31
19,60,43
19,61,9
19,62,0
19,63,22
19,64,169
19,65,31
19,66,8
19,67,9
19,68,3
19,69,25
19,70,269
19,71,10
19,72,14
19,73,1
20,0,276
20,1,8
20,2,207
20,3,295
20,4,57
20,5,8
20,6,0
20,7,3
20,8,206
20,9,100
20,10,148
20,11,42
20,12,111
20,13,827
20,14,819
20,15,107
20,16,48
20,17,102
20,18,10
20,19,186
20,21,666
20,22,125
20,23,554
20,24,186
20,25,160
20,26,44
20,27,13
20,28,8
20,29,48
20,30,75
20,31,92
20,32,213
20,33,679
20,34,264
20,35,113
20,36,92
20,37,86
20,38,19
20,39,23
20,40,37
20,41,118
20,42,191
20,43,139
20,44,271
20,45,214
20,46,144
20,47,45
20,48,49
20,49,28
20,50,38
20,51,5
20,52,78
20,53,62
20,54,119
20,55,30
20,56,42
20,57,71
20,58,44
20,59,23
20,60,60
20,61,5
20,62,0
20,63,25
20,64,357
20,65,247
20,66,6
20,67,14
20,68,16
20,69,66
20,70,177
20,71,16
20,72,8
20,73,3
21,0,550
21,1,23
21,2,1459
21,3,1678
21,4,60
21,5,20
21,6,2
21,7,20
21,8,265
21,9,160
21,10,506
21,11,223
21,12,424
21,13,2888
21,14,4603
21,15,494
21,16,289
21,17,872
21,18,14
21,19,388
21,20,883
21,22,315
21,23,1784
21,24,795
21,25,834
21,26,315
21,27,79
21,28,17
21,29,83
21,30,484
21,31,233
21,32,435
21,33,1072
21,34,781
21,35,321
21,36,453
21,37,287
21,38,144
21,39,160
21,40,89
21,41,180
21,42,222
21,43,599
21,44,215
21,45,289
21,46,166
21,47,196
21,48,82
21,49,214
21,50,205
21,51,35
21,52,178
21,53,137
21,54,139
21,55,65
21,56,96
21,57,120
21,58,265
21,59,91
21,60,52
21,61,101
21,62,2
21,63,71
21,64,854
21,65,303
21,66,21
21,67,90
21,68,77
21,69,146
21,70,392
21,71,92
21,72,76
21,73,32
22,0,116
22,1,2
22,2,52
22,3,32
22,4,3
22,5,1
22,6,0
22,7,0
22,8,23
22,9,20
22,10,60
22,11,26
22,12,73
22,13,354
22,14,458
22,15,137
22,16,18
22,17,139
22,18,1
22,19,57
22,20,41
22,21,153
22,23,170
22,24,112
22,25,93
22,26,44
22,27,8
22,28,2
22,29,4
22,30,55
22,31,37
22,32,126
22,33,111
22,34,69
22,35,41
22,36,62
22,37,97
22,38,47
22,39,18
22,40,21
22,41,36
22,42,40
22,43,50
22,44,34
22,45,51
22,46,9
22,47,26
22,48,12
22,49,21
22,50,25
22,51,4
22,52,16
22,53,15
22,54,27
22,55,8
22,56,15
22,57,21
22,58,15
22,59,23
22,60,8
22,61,9
22,62,0
22,63,5
22,64,51
22,65,5
22,66,6
22,67,21
22,68,3
22,69,8
22,70,61
22,71,1
22,72,9
22,73,0
23,0,848
23,1,62
23,2,2352
23,3,2064
23,4,167
23,5,24
23,6,52
23,7,96
23,8,436
23,9,359
23,10,619
23,11,346
23,12,887
23,13,5257
23,14,11406
23,15,1630
23,16,401
23,17,2798
23,18,43
23,19,1095
23,20,1266
23,21,2301
23,22,572
23,24,1700
23,25,3299
23,26,1286
23,27,344
23,28,130
23,29,42
23,30,1400
23,31,851
23,32,1767
23,33,2331
23,34,1238
23,35,1372
23,36,2040
23,37,1630
23,38,763
23,39,329
23,40,183
23,41,590
23,42,796
23,43,1116
23,44,471
23,45,930
23,46,1139
23,47,732
23,48,466
23,49,637
23,50,218
23,51,64
23,52,445
23,53,320
23,54,487
23,55,278
23,56,467
23,57,254
23,58,807
23,59,314
23,60,252
23,61,502
23,62,8
23,63,140
23,64,1124
23,65,291
23,66,131
23,67,538
23,68,106
23,69,265
23,70,927
23,71,62
23,72,275
23,73,81
24,0,62
24,1,7
24,2,195
24,3,146
24,4,76
24,5,14
24,6,0
24,7,5
24,8,30
24,9,24
24,10,31
24,11,32
24,12,137
24,13,726
24,14,1238
24,15,326
24,16,75
24,17,451
24,18,9
24,19,64
24,20,192
24,21,232
24,22,108
24,23,430
24,25,480
24,26,274
24,27,33
24,28,9
24,29,11
24,30,89
24,31,48
24,32,194
24,33,296
24,34,342
24,35,262
24,36,541
24,37,472
24,38,73
24,39,63
24,40,75
24,41,35
24,42,55
24,43,99
24,44,86
24,45,331
24,46,154
24,47,160
24,48,82
24,49,126
24,50,32
24,51,5
24,52,90
24,53,15
24,54,27
24,55,187
24,56,65
24,57,20
24,58,89
24,59,51
24,60,40
24,61,45
24,62,2
24,63,29
24,64,80
24,65,37
24,66,11
24,67,84
24,68,9
24,69,83
24,70,169
24,71,13
24,72,41
24,73,4
25,0,240
25,1,74
25,2,937
25,3,1016
25,4,251
25,5,65
25,6,4
25,7,43
25,8,131
25,9,77
25,10,131
25,11,119
25,12,548
25,13,2761
25,14,3591
25,15,1200
25,16,375
25,17,1274
25,18,24
25,19,242
25,20,295
25,21,1019
25,22,307
25,23,2048
25,24,941
25,26,1510
25,27,467
25,28,82
25,29,54
25,30,699
25,31,249
25,32,598
25,33,1197
25,34,1194
25,35,776
25,36,2206
25,37,2170
25,38,1027
25,39,425
25,40,210
25,41,116
25,42,246
25,43,412
25,44,411
25,45,783
25,46,794
25,47,1462
25,48,613
25,49,763
25,50,336
25,51,101
25,52,224
25,53,146
25,54,230
25,55,300
25,56,413
25,57,257
25,58,771
25,59,232
25,60,568
25,61,628
25,62,109
25,63,199
25,64,322
25,65,177
25,66,51
25,67,421
25,68,46
25,69,500
25,70,831
25,71,79
25,72,390
25,73,35
26,0,197
26,1,6
26,2,384
26,3,450
26,4,121
26,5,12
26,6,12
26,7,49
26,8,132
26,9,44
26,10,53
26,11,77
26,12,154
26,13,920
26,14,2401
26,15,566
26,16,162
26,17,817
26,18,3
26,19,253
26,20,69
26,21,329
26,22,78
26,23,676
26,24,409
26,25,685
26,27,187
26,28,45
26,29,27
26,30,166
26,31,150
26,32,232
26,33,376
26,34,413
26,35,290
26,36,448
26,37,483
26,38,923
26,39,143
26,40,72
26,41,88
26,42,96
26,43,195
26,44,113
26,45,191
26,46,107
26,47,369
26,48,153
26,49,424
26,50,129
26,51,164
26,52,46
26,53,39
26,54,48
26,55,86
26,56,86
26,57,49
26,58,199
26,59,132
26,60,231
26,61,158
26,62,3
26,63,54
26,64,106
26,65,61
26,66,39
26,67,96
26,68,20
26,69,119
26,70,765
26,71,63
26,72,144
26,73,11
27,0,13
27,1,8
27,2,71
27,3,86
27,4,61
27,5,37
27,6,2
27,7,6
27,8,12
27,9,3
27,10,5
27,11,4
27,12,16
27,13,397
27,14,536
27,15,343
27,16,215
27,17,236
27,18,12
27,19,10
27,20,24
27,21,32
27,22,29
27,23,146
27,24,74
27,25,337
27,26,181
27,28,81
27,29,53
27,30,19
27,31,12
27,32,36
27,33,64
27,34,86
27,35,66
27,36,218
27,37,332
27,38,289
27,39,215
27,40,192
27,41,9
27,42,33
27,43,39
27,44,24
27,45,39
27,46,28
27,47,65
27,48,61
27,49,93
27,50,114
27,51,100
27,52,96
27,53,20
27,54,17
27,55,18
27,56,21
27,57,7
27,58,38
27,59,46
27,60,47
27,61,53
27,62,6
27,63,17
27,64,32
27,65,12
27,66,7
27,67,8
27,68,4
27,69,26
27,70,370
27,71,10
27,72,52
27,73,14
28,0,1
28,1,0
28,2,16
28,3,38
28,4,44
28,5,4
28,6,2
28,7,6
28,8,0
28,9,0
28,10,1
28,11,0
28,12,9
28,13,49
28,14,117
28,15,66
28,16,16
28,17,67
28,18,3
28,19,3
28,20,5
28,21,6
28,22,4
28,23,16
28,24,12
28,25,32
28,26,21
28,27,68
28,29,5
28,30,2
28,31,1
28,32,4
28,33,13
28,34,12
28,35,10
28,36,5
28,37,27
28,38,20
28,39,40
28,40,43
28,41,2
28,42,2
28,43,9
28,44,1
28,45,5
28,46,2
28,47,28
28,48,1
28,49,11
28,50,14
28,51,57
28,52,13
28,53,1
28,54,4
28,55,1
28,56,5
28,57,0
28,58,5
28,59,8
28,60,6
28,61,14
28,62,1
28,63,1
28,64,3
28,65,0
28,66,2
28,67,3
28,68,0
28,69,0
28,70,105
28,71,2
28,72,13
28,73,1
29,0,5
29,1,0
29,2,34
29,3,46
29,4,1
29,5,16
29,6,2
29,7,4
29,8,0
29,9,4
29,10,15
29,11,6
29,12,12
29,13,61
29,14,175
29,15,73
29,16,36
29,17,53
29,18,2
29,19,7
29,20,25
29,21,20
29,22,1
29,23,37
29,24,8
29,25,30
29,26,43
29,27,38
29,28,7
29,30,2
29,31,3
29,32,5
29,33,10
29,34,53
29,35,12
29,36,30
29,37,28
29,38,30
29,39,88
29,40,74
29,41,9
29,42,1
29,43,18
29,44,2
29,45,13
29,46,1
29,47,21
29,48,13
29,49,80
29,50,30
29,51,47
29,52,3
29,53,1
29,54,8
29,55,7
29,56,27
29,57,3
29,58,17
29,59,14
29,60,4
29,61,6
29,62,1
29,63,1
29,64,1
29,65,6
29,66,0
29,67,3
29,68,0
29,69,6
29,70,146
29,71,0
29,72,17
29,73,4
30,0,44
30,1,1
30,2,122
30,3,93
30,4,15
30,5,3
30,6,0
30,7,9
30,8,93
30,9,35
30,10,30
30,11,22
30,12,74
30,13,557
30,14,790
30,15,120
30,16,37
30,17,249
30,18,0
30,19,76
30,20,61
30,21,155
30,22,67
30,23,504
30,24,102
30,25,527
30,26,134
30,27,21
30,28,1
30,29,1
30,31,112
30,32,206
30,33,294
30,34,249
30,35,46
30,36,102
30,37,84
30,38,52
30,39,20
30,40,6
30,41,42
30,42,59
30,43,89
30,44,50
30,45,93
30,46,40
30,47,137
30,48,38
30,49,36
30,50,3
30,51,3
30,52,50
30,53,24
30,54,54
30,55,10
30,56,31
30,57,10
30,58,32
30,59,16
30,60,12
30,61,45
30,62,0
30,63,24
30,64,116
30,65,21
30,66,11
30,67,17
30,68,3
30,69,13
30,70,123
30,71,2
30,72,16
30,73,4
31,0,86
31,1,7
31,2,275
31,3,188
31,4,25
31,5,0
31,6,1
31,7,19
31,8,81
31,9,40
31,10,36
31,11,59
31,12,131
31,13,1091
31,14,1422
31,15,246
31,16,48
31,17,311
31,18,2
31,19,116
31,20,82
31,21,234
31,22,125
31,23,597
31,24,233
31,25,373
31,26,164
31,27,44
31,28,6
31,29,19
31,30,103
31,32,196
31,33,414
31,34,640
31,35,138
31,36,282
31,37,180
31,38,75
31,39,44
31,40,19
31,41,49
31,42,67
31,43,163
31,44,66
31,45,130
31,46,102
31,47,71
31,48,41
31,49,82
31,50,21
31,51,9
31,52,78
31,53,56
31,54,104
31,55,70
31,56,65
31,57,16
31,58,68
31,59,64
31,60,67
31,61,22
31,62,0
31,63,35
31,64,231
31,65,91
31,66,14
31,67,65
31,68,27
31,69,50
31,70,213
31,71,6
31,72,23
31,73,3
32,0,144
32,1,13
32,2,412
32,3,356
32,4,52
32,5,1
32,6,2
32,7,13
32,8,83
32,9,29
32,10,37
32,11,30
32,12,122
32,13,838
32,14,1488
32,15,211
32,16,48
32,17,437
32,18,2
32,19,95
32,20,154
32,21,195
32,22,97
32,23,667
32,24,288
32,25,303
32,26,134
32,27,23
32,28,7
32,29,1
32,30,148
32,31,111
32,33,311
32,34,380
32,35,119
32,36,171
32,37,142
32,38,124
32,39,61
32,40,26
32,41,40
32,42,81
32,43,286
32,44,59
32,45,222
32,46,81
32,47,75
32,48,56
32,49,64
32,50,24
32,51,12
32,52,68
32,53,54
32,54,74
32,55,73
32,56,56
32,57,19
32,58,78
32,59,24
32,60,31
32,61,37
32,62,0
32,63,24
32,64,291
32,65,26
32,66,22
32,67,40
32,68,29
32,69,56
32,70,209
32,71,16
32,72,28
32,73,6
33,0,297
33,1,63
33,2,1334
33,3,1534
33,4,56
33,5,8
33,6,4
33,7,49
33,8,338
33,9,70
33,10,166
33,11,74
33,12,375
33,13,2208
33,14,4407
33,15,388
33,16,100
33,17,1504
33,18,4
33,19,393
33,20,561
33,21,535
33,22,155
33,23,1489
33,24,584
33,25,825
33,26,315
33,27,76
33,28,31
33,29,7
33,30,776
33,31,368
33,32,441
33,34,613
33,35,389
33,36,700
33,37,483
33,38,346
33,39,185
33,40,14
33,41,292
33,42,388
33,43,476
33,44,282
33,45,451
33,46,204
33,47,210
33,48,125
33,49,205
33,50,85
33,51,53
33,52,287
33,53,233
33,54,248
33,55,78
33,56,240
33,57,52
33,58,210
33,59,82
33,60,50
33,61,165
33,62,0
33,63,93
33,64,2072
33,65,131
33,66,102
33,67,125
33,68,25
33,69,139
33,70,498
33,71,32
33,72,157
33,73,9
34,0,519
34,1,16
34,2,462
34,3,397
34,4,70
34,5,11
34,6,39
34,7,17
34,8,208
34,9,202
34,10,187
34,11,183
34,12,455
34,13,2224
34,14,4113
34,15,581
34,16,153
34,17,924
34,18,17
34,19,719
34,20,695
34,21,1095
34,22,417
34,23,1019
34,24,872
34,25,1118
34,26,553
34,27,117
34,28,32
34,29,21
34,30,634
34,31,500
34,32,771
34,33,959
34,35,637
34,36,1134
34,37,815
34,38,350
34,39,228
34,40,129
34,41,214
34,42,408
34,43,489
34,44,213
34,45,650
34,46,619
34,47,358
34,48,232
34,49,321
34,50,124
34,51,98
34,52,340
34,53,188
34,54,173
34,55,110
34,56,319
34,57,187
34,58,404
34,59,85
34,60,98
34,61,170
34,62,4
34,63,84
34,64,394
34,65,128
34,66,58
34,67,267
34,68,61
34,69,160
34,70,530
34,71,36
34,72,142
34,73,23
35,0,116
35,1,5
35,2,254
35,3,100
35,4,56
35,5,2
35,6,0
35,7,4
35,8,20
35,9,18
35,10,36
35,11,35
35,12,178
35,13,1250
35,14,1623
35,15,291
35,16,76
35,17,691
35,18,5
35,19,79
35,20,111
35,21,150
35,22,288
35,23,752
35,24,446
35,25,501
35,26,336
35,27,89
35,28,67
35,29,22
35,30,166
35,31,57
35,32,162
35,33,274
35,34,396
35,36,515
35,37,384
35,38,168
35,39,112
35,40,84
35,41,52
35,42,93
35,43,99
35,44,73
35,45,434
35,46,149
35,47,255
35,48,106
35,49,143
35,50,50
35,51,25
35,52,171
35,53,62
35,54,52
35,55,75
35,56,66
35,57,51
35,58,171
35,59,66
35,60,94
35,61,65
35,62,1
35,63,67
35,64,175
35,65,32
35,66,13
35,67,52
35,68,33
35,69,105
35,70,431
35,71,19
35,72,65
35,73,4
36,0,80
36,1,1
36,2,316
36,3,352
36,4,59
36,5,12
36,6,2
36,7,19
36,8,31
36,9,31
36,10,11
36,11,39
36,12,176
36,13,1314
36,14,3612
36,15,492
36,16,224
36,17,877
36,18,17
36,19,58
36,20,67
36,21,179
36,22,108
36,23,723
36,24,496
36,25,980
36,26,463
36,27,191
36,28,15
36,29,15
36,30,93
36,31,49
36,32,225
36,33,530
36,34,541
36,35,314
36,37,576
36,38,311
36,39,190
36,40,55
36,41,90
36,42,80
36,43,191
36,44,83
36,45,365
36,46,298
36,47,392
36,48,228
36,49,250
36,50,81
36,51,16
36,52,115
36,53,49
36,54,37
36,55,67
36,56,96
36,57,111
36,58,360
36,59,96
36,60,134
36,61,123
36,62,1
36,63,23
36,64,183
36,65,52
36,66,52
36,67,93
36,68,23
36,69,219
36,70,604
36,71,59
36,72,249
36,73,2
37,0,442
37,1,5
37,2,524
37,3,385
37,4,180
37,5,33
37,6,4
37,7,63
37,8,67
37,9,51
37,10,59
37,11,41
37,12,375
37,13,1724
37,14,3788
37,15,1624
37,16,445
37,17,1473
37,18,18
37,19,187
37,20,159
37,21,380
37,22,137
37,23,1119
37,24,818
37,25,1457
37,26,964
37,27,508
37,28,116
37,29,73
37,30,207
37,31,163
37,32,388
37,33,758
37,34,862
37,35,761
37,36,994
37,38,626
37,39,763
37,40,250
37,41,102
37,42,308
37,43,272
37,44,140
37,45,604
37,46,498
37,47,624
37,48,455
37,49,717
37,50,316
37,51,154
37,52,162
37,53,78
37,54,139
37,55,108
37,56,188
37,57,109
37,58,509
37,59,276
37,60,618
37,61,580
37,62,30
37,63,46
37,64,273
37,65,164
37,66,77
37,67,305
37,68,36
37,69,164
37,70,712
37,71,101
37,72,675
37,73,52
38,0,78
38,1,3
38,2,233
38,3,315
38,4,61
38,5,45
38,6,6
38,7,22
38,8,33
38,9,18
38,10,12
38,11,25
38,12,144
38,13,1141
38,14,3152
38,15,722
38,16,251
38,17,1076
38,18,22
38,19,106
38,20,63
38,21,156
38,22,76
38,23,495
38,24,222
38,25,1035
38,26,881
38,27,366
38,28,121
38,29,47
38,30,92
38,31,92
38,32,207
38,33,300
38,34,394
38,35,220
38,36,558
38,37,512
38,39,384
38,40,196
38,41,52
38,42,71
38,43,317
38,44,96
38,45,202
38,46,166
38,47,311
38,48,194
38,49,325
38,50,274
38,51,138
38,52,57
38,53,33
38,54,117
38,55,26
38,56,63
38,57,81
38,58,184
38,59,180
38,60,138
38,61,325
38,62,18
38,63,21
38,64,147
38,65,83
38,66,33
38,67,66
38,68,25
38,69,88
38,70,1025
38,71,36
38,72,243
38,73,17
39,0,69
39,1,9
39,2,267
39,3,754
39,4,74
39,5,66
39,6,13
39,7,85
39,8,43
39,9,13
39,10,40
39,11,38
39,12,68
39,13,730
39,14,2003
39,15,927
39,16,332
39,17,870
39,18,89
39,19,69
39,20,95
39,21,174
39,22,94
39,23,408
39,24,232
39,25,677
39,26,773
39,27,618
39,28,193
39,29,354
39,30,33
39,31,39
39,32,118
39,33,282
39,34,347
39,35,362
39,36,968
39,37,1226
39,38,1155
39,40,738
39,41,21
39,42,53
39,43,152
39,44,63
39,45,215
39,46,238
39,47,316
39,48,470
39,49,822
39,50,630
39,51,264
39,52,45
39,53,68
39,54,41
39,55,39
39,56,84
39,57,77
39,58,315
39,59,324
39,60,394
39,61,594
39,62,24
39,63,39
39,64,212
39,65,56
39,66,13
39,67,123
39,68,20
39,69,118
39,70,1060
39,71,76
39,72,481
39,73,142
40,0,17
40,1,0
40,2,56
40,3,163
40,4,18
40,5,18
40,6,1
40,7,7
40,8,0
40,9,5
40,10,3
40,11,5
40,12,10
40,13,145
40,14,303
40,15,215
40,16,128
40,17,189
40,18,38
40,19,15
40,20,58
40,21,21
40,22,3
40,23,274
40,24,51
40,25,98
40,26,51
40,27,145
40,28,50
40,29,63
40,30,3
40,31,3
40,32,9
40,33,23
40,34,81
40,35,38
40,36,58
40,37,99
40,38,139
40,39,267
40,41,10
40,42,5
40,43,14
40,44,19
40,45,61
40,46,20
40,47,27
40,48,30
40,49,137
40,50,229
40,51,196
40,52,35
40,53,11
40,54,17
40,55,9
40,56,4
40,57,7
40,58,74
40,59,15
40,60,90
40,61,59
40,62,2
40,63,1
40,64,17
40,65,6
40,66,2
40,67,6
40,68,2
40,69,50
40,70,721
40,71,44
40,72,76
40,73,5
41,0,66
41,1,1
41,2,77
41,3,23
41,4,5
41,5,0
41,6,16
41,7,1
41,8,45
41,9,22
41,10,157
41,11,10
41,12,71
41,13,617
41,14,259
41,15,75
41,16,27
41,17,211
41,18,0
41,19,190
41,20,203
41,21,145
41,22,62
41,23,305
41,24,81
41,25,119
41,26,51
41,27,13
41,28,2
41,29,3
41,30,124
41,31,40
41,32,95
41,33,565
41,34,199
41,35,109
41,36,152
41,37,60
41,38,22
41,39,12
41,40,20
41,42,189
41,43,91
41,44,33
41,45,82
41,46,24
41,47,60
41,48,20
41,49,25
41,50,1
41,51,5
41,52,124
41,53,55
41,54,84
41,55,53
41,56,16
41,57,12
41,58,41
41,59,24
41,60,9
41,61,7
41,62,1
41,63,63
41,64,506
41,65,53
41,66,5
41,67,11
41,68,5
41,69,17
41,70,156
41,71,8
41,72,24
41,73,3
42,0,13
42,1,2
42,2,90
42,3,51
42,4,33
42,5,1
42,6,0
42,7,0
42,8,31
42,9,6
42,10,12
42,11,20
42,12,34
42,13,446
42,14,349
42,15,55
42,16,13
42,17,184
42,18,4
42,19,231
42,20,74
42,21,68
42,22,24
42,23,279
42,24,97
42,25,99
42,26,44
42,27,17
42,28,3
42,29,9
42,30,72
42,31,38
42,32,57
42,33,224
42,34,191
42,35,78
42,36,141
42,37,144
42,38,18
42,39,14
42,40,3
42,41,86
42,43,88
42,44,37
42,45,62
42,46,8
42,47,26
42,48,11
42,49,19
42,50,9
42,51,11
42,52,218
42,53,76
42,54,71
42,55,19
42,56,28
42,57,3
42,58,30
42,59,17
42,60,9
42,61,5
42,62,0
42,63,42
42,64,203
42,65,108
42,66,6
42,67,30
42,68,6
42,69,15
42,70,227
42,71,2
42,72,19
42,73,2
43,0,183
43,1,3
43,2,233
43,3,108
43,4,16
43,5,9
43,6,16
43,7,8
43,8,169
43,9,55
43,10,367
43,11,81
43,12,190
43,13,1184
43,14,1435
43,15,217
43,16,53
43,17,658
43,18,2
43,19,258
43,20,237
43,21,519
43,22,301
43,23,946
43,24,270
43,25,477
43,26,181
43,27,32
43,28,27
43,29,14
43,30,261
43,31,180
43,32,512
43,33,553
43,34,591
43,35,300
43,36,509
43,37,302
43,38,247
43,39,174
43,40,18
43,41,157
43,42,298
43,44,362
43,45,376
43,46,138
43,47,180
43,48,86
43,49,157
43,50,45
43,51,14
43,52,244
43,53,195
43,54,216
43,55,87
43,56,91
43,57,46
43,58,186
43,59,130
43,60,27
43,61,102
43,62,1
43,63,95
43,64,616
43,65,129
43,66,99
43,67,221
43,68,16
43,69,130
43,70,392
43,71,12
43,72,50
43,73,6
44,0,47
44,1,1
44,2,104
44,3,28
44,4,13
44,5,3
44,6,0
44,7,4
44,8,35
44,9,3
44,10,36
44,11,20
44,12,107
44,13,877
44,14,395
44,15,66
44,16,38
44,17,130
44,18,1
44,19,71
44,20,258
44,21,180
44,22,36
44,23,333
44,24,200
44,25,269
44,26,101
44,27,19
44,28,2
44,29,4
44,30,55
44,31,61
44,32,213
44,33,341
44,34,207
44,35,150
44,36,149
44,37,74
44,38,61
44,39,30
44,40,25
44,41,56
44,42,66
44,43,155
44,45,273
44,46,125
44,47,144
44,48,38
44,49,89
44,50,38
44,51,26
44,52,145
44,53,59
44,54,74
44,55,64
44,56,64
44,57,46
44,58,72
44,59,26
44,60,30
44,61,23
44,62,0
44,63,36
44,64,80
44,65,84
44,66,10
44,67,31
44,68,10
44,69,41
44,70,164
44,71,11
44,72,17
44,73,1
45,0,109
45,1,2
45,2,171
45,3,146
45,4,29
45,5,9
45,6,1
45,7,5
45,8,57
45,9,30
45,10,30
45,11,37
45,12,131
45,13,1033
45,14,1895
45,15,285
45,16,59
45,17,505
45,18,4
45,19,134
45,20,417
45,21,308
45,22,108
45,23,776
45,24,460
45,25,668
45,26,254
45,27,89
45,28,13
45,29,17
45,30,249
45,31,136
45,32,460
45,33,573
45,34,485
45,35,492
45,36,556
45,37,403
45,38,174
45,39,131
45,40,92
45,41,117
45,42,224
45,43,295
45,44,302
45,46,367
45,47,400
45,48,118
45,49,310
45,50,91
45,51,160
45,52,197
45,53,98
45,54,202
45,55,247
45,56,245
45,57,112
45,58,248
45,59,150
45,60,141
45,61,127
45,62,3
45,63,165
45,64,298
45,65,248
45,66,67
45,67,251
45,68,53
45,69,119
45,70,706
45,71,23
45,72,130
45,73,4
46,0,25
46,1,0
46,2,94
46,3,30
46,4,25
46,5,10
46,6,1
46,7,2
46,8,13
46,9,3
46,10,7
46,11,2
46,12,33
46,13,520
46,14,568
46,15,85
46,16,39
46,17,346
46,18,3
46,19,73
46,20,49
46,21,19
46,22,20
46,23,528
46,24,118
46,25,327
46,26,72
46,27,36
46,28,5
46,29,8
46,30,70
46,31,28
46,32,122
46,33,83
46,34,187
46,35,174
46,36,229
46,37,285
46,38,83
46,39,109
46,40,11
46,41,9
46,42,18
46,43,68
46,44,153
46,45,166
46,47,166
46,48,68
46,49,113
46,50,26
46,51,36
46,52,51
46,53,19
46,54,29
46,55,25
46,56,26
46,57,38
46,58,107
46,59,42
46,60,26
46,61,42
46,62,0
46,63,58
46,64,78
46,65,42
46,66,12
46,67,40
46,68,18
46,69,129
46,70,428
46,71,6
46,72,32
46,73,5
47,0,57
47,1,1
47,2,254
47,3,168
47,4,26
47,5,4
47,6,0
47,7,0
47,8,24
47,9,18
47,10,79
47,11,21
47,12,69
47,13,782
47,14,1396
47,15,264
47,16,119
47,17,447
47,18,4
47,19,30
47,20,51
47,21,297
47,22,55
47,23,489
47,24,249
47,25,743
47,26,261
47,27,71
47,28,8
47,29,23
47,30,152
47,31,58
47,32,109
47,33,193
47,34,314
47,35,238
47,36,443
47,37,531
47,38,243
47,39,146
47,40,47
47,41,53
47,42,155
47,43,141
47,44,127
47,45,266
47,46,276
47,48,473
47,49,441
47,50,69
47,51,19
47,52,150
47,53,107
47,54,47
47,55,64
47,56,104
47,57,145
47,58,418
47,59,339
47,60,61
47,61,104
47,62,7
47,63,58
47,64,198
47,65,56
47,66,19
47,67,66
47,68,76
47,69,174
47,70,981
47,71,13
47,72,191
47,73,24
48,0,24
48,1,3
48,2,54
48,3,40
48,4,13
48,5,2
48,6,1
48,7,6
48,8,119
48,9,80
48,10,7
48,11,13
48,12,52
48,13,363
48,14,603
48,15,133
48,16,40
48,17,317
48,18,4
48,19,15
48,20,63
48,21,51
48,22,21
48,23,180
48,24,100
48,25,267
48,26,131
48,27,59
48,28,11
48,29,8
48,30,54
48,31,28
48,32,77
48,33,185
48,34,105
48,35,102
48,36,260
48,37,259
48,38,122
48,39,121
48,40,30
48,41,22
48,42,9
48,43,57
48,44,30
48,45,79
48,46,76
48,47,210
48,49,182
48,50,55
48,51,22
48,52,21
48,53,7
48,54,46
48,55,20
48,56,35
48,57,83
48,58,90
48,59,122
48,60,103
48,61,89
48,62,4
48,63,12
48,64,51
48,65,26
48,66,6
48,67,78
48,68,10
48,69,42
48,70,528
48,71,28
48,72,87
48,73,4
49,0,35
49,1,3
49,2,73
49,3,118
49,4,19
49,5,9
49,6,1
49,7,9
49,8,12
49,9,15
49,10,11
49,11,10
49,12,62
49,13,647
49,14,1410
49,15,513
49,16,169
49,17,746
49,18,9
49,19,60
49,20,63
49,21,118
49,22,107
49,23,454
49,24,277
49,25,551
49,26,365
49,27,160
49,28,32
49,29,24
49,30,95
49,31,47
49,32,112
49,33,160
49,34,326
49,35,131
49,36,408
49,37,543
49,38,224
49,39,228
49,40,220
49,41,23
49,42,99
49,43,168
49,44,50
49,45,181
49,46,285
49,47,497
49,48,306
49,50,137
49,51,84
49,52,41
49,53,30
49,54,52
49,55,85
49,56,162
49,57,89
49,58,188
49,59,144
49,60,130
49,61,191
49,62,18
49,63,23
49,64,171
49,65,75
49,66,15
49,67,66
49,68,33
49,69,78
49,70,805
49,71,34
49,72,239
49,73,21
50,0,17
50,1,11
50,2,132
50,3,424
50,4,19
50,5,4
50,6,13
50,7,29
50,8,6
50,9,2
50,10,10
50,11,19
50,12,24
50,13,259
50,14,817
50,15,136
50,16,36
50,17,543
50,18,6
50,19,16
50,20,13
50,21,24
50,22,19
50,23,115
50,24,49
50,25,164
50,26,73
50,27,102
50,28,25
50,29,28
50,30,12
50,31,29
50,32,44
50,33,105
50,34,55
50,35,47
50,36,93
50,37,111
50,38,230
50,39,283
50,40,158
50,41,6
50,42,4
50,43,37
50,44,64
50,45,53
50,46,16
50,47,42
50,48,33
50,49,177
50,51,74
50,52,11
50,53,7
50,54,16
50,55,19
50,56,29
50,57,17
50,58,77
50,59,43
50,60,131
50,61,76
50,62,11
50,63,7
50,64,105
50,65,7
50,66,9
50,67,12
50,68,1
50,69,19
50,70,373
50,71,12
50,72,61
50,73,8
51,0,45
51,1,0
51,2,52
51,3,97
51,4,8
51,5,14
51,6,6
51,7,20
51,8,6
51,9,0
51,10,3
51,11,0
51,12,11
51,13,232
51,14,524
51,15,168
51,16,81
51,17,285
51,18,51
51,19,4
51,20,17
51,21,81
51,22,4
51,23,133
51,24,27
51,25,144
51,26,164
51,27,136
51,28,55
51,29,77
51,30,11
51,31,4
51,32,89
51,33,110
51,34,77
51,35,37
51,36,53
51,37,192
51,38,161
51,39,197
51,40,269
51,41,9
51,42,6
51,43,18
51,44,31
51,45,150
51,46,30
51,47,56
51,48,95
51,49,305
51,50,129
51,52,66
51,53,12
51,54,8
51,55,3
51,56,23
51,57,9
51,58,82
51,59,23
51,60,45
51,61,66
51,62,17
51,63,9
51,64,58
51,65,21
51,66,10
51,67,17
51,68,3
51,69,61
51,70,605
51,71,73
51,72,248
51,73,37
52,0,30
52,1,0
52,2,72
52,3,41
52,4,12
52,5,6
52,6,7
52,7,0
52,8,18
52,9,24
52,10,8
52,11,7
52,12,20
52,13,531
52,14,339
52,15,98
52,16,23
52,17,174
52,18,0
52,19,73
52,20,107
52,21,78
52,22,33
52,23,313
52,24,133
52,25,211
52,26,48
52,27,36
52,28,5
52,29,2
52,30,94
52,31,78
52,32,82
52,33,152
52,34,415
52,35,190
52,36,106
52,37,97
52,38,43
52,39,11
52,40,18
52,41,78
52,42,238
52,43,175
52,44,130
52,45,165
52,46,48
52,47,90
52,48,40
52,49,23
52,50,9
52,51,7
52,53,248
52,54,96
52,55,64
52,56,35
52,57,29
52,58,41
52,59,22
52,60,5
52,61,13
52,62,1
52,63,93
52,64,395
52,65,76
52,66,9
52,67,39
52,68,8
52,69,28
52,70,219
52,71,5
52,72,66
52,73,1
53,0,79
53,1,4
53,2,85
53,3,54
53,4,9
53,5,4
53,6,3
53,7,5
53,8,53
53,9,20
53,10,81
53,11,8
53,12,61
53,13,516
53,14,430
53,15,106
53,16,34
53,17,209
53,18,17
53,19,135
53,20,323
53,21,187
53,22,39
53,23,298
53,24,111
53,25,202
53,26,42
53,27,49
53,28,3
53,29,10
53,30,112
53,31,101
53,32,103
53,33,270
53,34,330
53,35,103
53,36,206
53,37,122
53,38,27
53,39,37
53,40,43
53,41,99
53,42,395
53,43,186
53,44,122
53,45,176
53,46,85
53,47,75
53,48,21
53,49,39
53,50,13
53,51,36
53,52,291
53,54,176
53,55,71
53,56,57
53,57,43
53,58,86
53,59,26
53,60,15
53,61,26
53,62,0
53,63,101
53,64,465
53,65,128
53,66,48
53,67,56
53,68,10
53,69,61
53,70,245
53,71,9
53,72,66
53,73,14
54,0,38
54,1,2
54,2,69
54,3,66
54,4,5
54,5,1
54,6,2
54,7,2
54,8,65
54,9,18
54,10,6
54,11,19
54,12,53
54,13,235
54,14,231
54,15,58
54,16,20
54,17,163
54,18,6
54,19,140
54,20,77
54,21,126
54,22,55
54,23,209
54,24,74
54,25,97
54,26,62
54,27,10
54,28,10
54,29,5
54,30,99
54,31,50
54,32,113
54,33,140
54,34,128
54,35,91
54,36,103
54,37,92
54,38,77
54,39,11
54,40,5
54,41,69
54,42,144
54,43,190
54,44,65
54,45,238
54,46,61
54,47,89
54,48,87
54,49,76
54,50,23
54,51,9
54,52,84
54,53,101
54,55,65
54,56,65
54,57,31
54,58,161
54,59,104
54,60,176
54,61,76
54,62,0
54,63,47
54,64,97
54,65,61
54,66,99
54,67,99
54,68,22
54,69,124
54,70,432
54,71,31
54,72,88
54,73,2
55,0,71
55,1,0
55,2,41
55,3,28
55,4,2
55,5,0
55,6,0
55,7,2
55,8,5
55,9,4
55,10,6
55,11,3
55,12,22
55,13,350
55,14,227
55,15,24
55,16,10
55,17,82
55,18,0
55,19,8
55,20,21
55,21,27
55,22,6
55,23,111
55,24,102
55,25,99
55,26,28
55,27,23
55,28,1
55,29,9
55,30,14
55,31,10
55,32,107
55,33,38
55,34,66
55,35,33
55,36,52
55,37,41
55,38,11
55,39,29
55,40,13
55,41,5
55,42,27
55,43,54
55,44,30
55,45,99
55,46,26
55,47,50
55,48,14
55,49,18
55,50,15
55,51,0
55,52,40
55,53,35
55,54,20
55,56,46
55,57,8
55,58,42
55,59,2
55,60,37
55,61,6
55,62,0
55,63,5
55,64,52
55,65,21
55,66,8
55,67,22
55,68,5
55,69,8
55,70,91
55,71,3
55,72,39
55,73,0
56,0,46
56,1,2
56,2,85
56,3,73
56,4,13
56,5,7
56,6,3
56,7,5
56,8,18
56,9,26
56,10,36
56,11,14
56,12,81
56,13,711
56,14,745
56,15,237
56,16,22
56,17,368
56,18,2
56,19,60
56,20,116
56,21,259
56,22,86
56,23,411
56,24,265
56,25,396
56,26,153
56,27,36
56,28,16
56,29,6
56,30,191
56,31,114
56,32,152
56,33,566
56,34,561
56,35,345
56,36,244
56,37,204
56,38,66
56,39,97
56,40,13
56,41,38
56,42,43
56,43,143
56,44,67
56,45,400
56,46,144
56,47,106
56,48,53
56,49,138
56,50,35
56,51,15
56,52,73
56,53,62
56,54,52
56,55,52
56,57,79
56,58,116
56,59,94
56,60,24
56,61,20
56,62,4
56,63,93
56,64,432
56,65,103
56,66,53
56,67,105
56,68,48
56,69,114
56,70,394
56,71,10
56,72,50
56,73,13
57,0,9
57,1,2
57,2,31
57,3,21
57,4,4
57,5,0
57,6,0
57,7,1
57,8,3
57,9,7
57,10,1
57,11,5
57,12,28
57,13,106
57,14,266
57,15,53
57,16,10
57,17,198
57,18,0
57,19,13
57,20,19
57,21,83
57,22,72
57,23,117
57,24,35
57,25,163
57,26,45
57,27,7
57,28,4
57,29,2
57,30,7
57,31,12
57,32,29
57,33,46
57,34,85
57,35,38
57,36,57
57,37,93
57,38,83
57,39,24
57,40,11
57,41,12
57,42,8
57,43,45
57,44,123
57,45,79
57,46,33
57,47,122
57,48,51
57,49,65
57,50,17
57,51,9
57,52,6
57,53,10
57,54,14
57,55,7
57,56,46
57,58,121
57,59,32
57,60,26
57,61,7
57,62,0
57,63,2
57,64,47
57,65,14
57,66,5
57,67,49
57,68,9
57,69,98
57,70,238
57,71,5
57,72,18
57,73,1
58,0,78
58,1,5
58,2,179
58,3,259
58,4,56
58,5,12
58,6,6
58,7,20
58,8,58
58,9,40
58,10,19
58,11,13
58,12,148
58,13,951
58,14,2326
58,15,404
58,16,131
58,17,1014
58,18,38
58,19,89
58,20,189
58,21,213
58,22,88
58,23,756
58,24,331
58,25,917
58,26,342
58,27,143
58,28,56
58,29,24
58,30,85
58,31,101
58,32,156
58,33,300
58,34,533
58,35,289
58,36,935
58,37,464
58,38,219
58,39,289
58,40,83
58,41,55
58,42,77
58,43,206
58,44,132
58,45,423
58,46,263
58,47,520
58,48,380
58,49,393
58,50,133
58,51,83
58,52,111
58,53,113
58,54,188
58,55,67
58,56,274
58,57,206
58,59,179
58,60,203
58,61,208
58,62,4
58,63,74
58,64,524
58,65,98
58,66,26
58,67,229
58,68,68
58,69,276
58,70,1140
58,71,44
58,72,194
58,73,18
59,0,11
59,1,0
59,2,14
59,3,27
59,4,9
59,5,2
59,6,0
59,7,2
59,8,7
59,9,3
59,10,5
59,11,6
59,12,18
59,13,225
59,14,403
59,15,85
59,16,22
59,17,278
59,18,0
59,19,18
59,20,58
59,21,26
59,22,22
59,23,86
59,24,50
59,25,120
59,26,45
59,27,40
59,28,5
59,29,10
59,30,18
59,31,21
59,32,82
59,33,35
59,34,31
59,35,24
59,36,73
59,37,141
59,38,64
59,39,46
59,40,13
59,41,4
59,42,13
59,43,40
59,44,13
59,45,54
59,46,29
59,47,151
59,48,205
59,49,200
59,50,21
59,51,5
59,52,10
59,53,10
59,54,69
59,55,11
59,56,20
59,57,25
59,58,77
59,60,38
59,61,25
59,62,1
59,63,12
59,64,24
59,65,13
59,66,6
59,67,22
59,68,7
59,69,29
59,70,249
59,71,12
59,72,33
59,73,13
60,0,16
60,1,0
60,2,54
60,3,47
60,4,12
60,5,1
60,6,1
60,7,4
60,8,17
60,9,4
60,10,6
60,11,4
60,12,47
60,13,151
60,14,524
60,15,148
60,16,29
60,17,309
60,18,3
60,19,44
60,20,69
60,21,28
60,22,14
60,23,92
60,24,65
60,25,230
60,26,135
60,27,45
60,28,13
60,29,22
60,30,13
60,31,14
60,32,31
60,33,48
60,34,46
60,35,43
60,36,217
60,37,359
60,38,55
60,39,134
60,40,40
60,41,11
60,42,12
60,43,16
60,44,20
60,45,130
60,46,49
60,47,130
60,48,97
60,49,107
60,50,90
60,51,20
60,52,5
60,53,6
60,54,55
60,55,44
60,56,29
60,57,20
60,58,122
60,59,38
60,61,70
60,62,3
60,63,1
60,64,25
60,65,17
60,66,5
60,67,23
60,68,3
60,69,40
60,70,262
60,71,14
60,72,108
60,73,19
61,0,29
61,1,1
61,2,99
61,3,164
61,4,52
61,5,21
61,6,3
61,7,64
61,8,1
61,9,3
61,10,5
61,11,5
61,12,22
61,13,301
61,14,1421
61,15,231
61,16,83
61,17,355
61,18,9
61,19,5
61,20,6
61,21,58
61,22,10
61,23,183
61,24,69
61,25,369
61,26,142
61,27,54
61,28,15
61,29,11
61,30,58
61,31,14
61,32,40
61,33,195
61,34,81
61,35,32
61,36,136
61,37,228
61,38,176
61,39,115
61,40,57
61,41,7
61,42,12
61,43,50
61,44,29
61,45,166
61,46,84
61,47,155
61,48,97
61,49,139
61,50,77
61,51,40
61,52,13
61,53,13
61,54,15
61,55,19
61,56,34
61,57,21
61,58,49
61,59,19
61,60,48
61,62,22
61,63,5
61,64,43
61,65,4
61,66,10
61,67,15
61,68,5
61,69,37
61,70,436
61,71,15
61,72,229
61,73,10
62,0,0
62,1,2
62,2,12
62,3,1
62,4,5
62,5,0
62,6,0
62,7,0
62,8,0
62,9,0
62,10,0
62,11,0
62,12,0
62,13,5
62,14,11
62,15,4
62,16,0
62,17,6
62,18,1
62,19,2
62,20,0
62,21,0
62,22,0
62,23,3
62,24,1
62,25,216
62,26,3
62,27,11
62,28,0
62,29,1
62,30,0
62,31,0
62,32,0
62,33,0
62,34,4
62,35,2
62,36,11
62,37,3
62,38,3
62,39,5
62,40,6
62,41,6
62,42,0
62,43,1
62,44,2
62,45,2
62,46,0
62,47,20
62,48,9
62,49,15
62,50,7
62,51,27
62,52,0
62,53,0
62,54,0
62,55,1
62,56,3
62,57,0
62,58,2
62,59,4
62,60,2
62,61,17
62,63,0
62,64,0
62,65,0
62,66,0
62,67,0
62,68,0
62,69,1
62,70,62
62,71,0
62,72,74
62,73,5
63,0,4
63,1,6
63,2,8
63,3,7
63,4,4
63,5,0
63,6,0
63,7,0
63,8,6
63,9,2
63,10,1
63,11,0
63,12,3
63,13,23
63,14,45
63,15,11
63,16,5
63,17,17
63,18,0
63,19,8
63,20,8
63,21,20
63,22,8
63,23,30
63,24,35
63,25,12
63,26,8
63,27,3
63,28,0
63,29,0
63,30,9
63,31,3
63,32,5
63,33,11
63,34,10
63,35,6
63,36,8
63,37,7
63,38,2
63,39,4
63,40,0
63,41,3
63,42,20
63,43,8
63,44,6
63,45,10
63,46,11
63,47,1
63,48,1
63,49,3
63,50,1
63,51,0
63,52,12
63,53,17
63,54,3
63,55,1
63,56,3
63,57,4
63,58,1
63,59,0
63,60,2
63,61,0
63,62,0
63,64,14
63,65,7
63,66,2
63,67,10
63,68,3
63,69,3
63,70,26
63,71,1
63,72,6
63,73,0
64,0,13
64,1,3
64,2,37
64,3,21
64,4,2
64,5,0
64,6,1
64,7,4
64,8,19
64,9,12
64,10,13
64,11,3
64,12,21
64,13,61
64,14,151
64,15,24
64,16,9
64,17,99
64,18,0
64,19,41
64,20,77
64,21,109
64,22,13
64,23,86
64,24,22
64,25,43
64,26,40
64,27,8
64,28,3
64,29,2
64,30,28
64,31,18
64,32,66
64,33,180
64,34,64
64,35,33
64,36,69
64,37,29
64,38,17
64,39,15
64,40,6
64,41,33
64,42,87
64,43,74
64,44,18
64,45,37
64,46,30
64,47,48
64,48,21
64,49,21
64,50,7
64,51,3
64,52,86
64,53,53
64,54,26
64,55,17
64,56,39
64,57,17
64,58,53
64,59,9
64,60,8
64,61,19
64,62,0
64,63,41
64,65,38
64,66,23
64,67,57
64,68,4
64,69,23
64,70,49
64,71,3
64,72,31
64,73,0
65,0,39
65,1,0
65,2,38
65,3,33
65,4,6
65,5,0
65,6,0
65,7,3
65,8,20
65,9,7
65,10,21
65,11,9
65,12,24
65,13,171
65,14,163
65,15,30
65,16,18
65,17,66
65,18,2
65,19,34
65,20,318
65,21,129
65,22,7
65,23,83
65,24,68
65,25,82
65,26,35
65,27,18
65,28,2
65,29,10
65,30,26
65,31,18
65,32,38
65,33,38
65,34,45
65,35,34
65,36,53
65,37,72
65,38,62
65,39,12
65,40,26
65,41,45
65,42,149
65,43,109
65,44,86
65,45,110
65,46,96
65,47,46
65,48,34
65,49,27
65,50,23
65,51,9
65,52,50
65,53,50
65,54,32
65,55,39
65,56,70
65,57,12
65,58,37
65,59,14
65,60,23
65,61,11
65,62,0
65,63,48
65,64,74
65,66,27
65,67,117
65,68,9
65,69,21
65,70,119
65,71,5
65,72,40
65,73,1
66,0,2
66,1,0
66,2,8
66,3,2
66,4,1
66,5,0
66,6,0
66,7,0
66,8,2
66,9,0
66,10,0
66,11,1
66,12,4
66,13,29
66,14,89
66,15,9
66,16,3
66,17,76
66,18,1
66,19,12
66,20,7
66,21,9
66,22,2
66,23,24
66,24,8
66,25,27
66,26,10
66,27,1
66,28,1
66,29,1
66,30,13
66,31,8
66,32,12
66,33,24
66,34,47
66,35,6
66,36,27
66,37,15
66,38,7
66,39,0
66,40,7
66,41,4
66,42,9
66,43,11
66,44,6
66,45,19
66,46,5
66,47,11
66,48,5
66,49,4
66,50,4
66,51,2
66,52,8
66,53,4
66,54,40
66,55,1
66,56,13
66,57,6
66,58,6
66,59,6
66,60,7
66,61,3
66,62,0
66,63,13
66,64,35
66,65,13
66,67,16
66,68,3
66,69,11
66,70,59
66,71,1
66,72,3
66,73,0
67,0,19
67,1,6
67,2,123
67,3,183
67,4,8
67,5,5
67,6,0
67,7,4
67,8,7
67,9,3
67,10,6
67,11,2
67,12,28
67,13,289
67,14,920
67,15,107
67,16,23
67,17,391
67,18,3
67,19,8
67,20,5
67,21,37
67,22,19
67,23,165
67,24,158
67,25,200
67,26,43
67,27,5
67,28,7
67,29,2
67,30,21
67,31,30
67,32,60
67,33,100
67,34,118
67,35,76
67,36,98
67,37,78
67,38,38
67,39,79
67,40,5
67,41,8
67,42,24
67,43,183
67,44,27
67,45,129
67,46,98
67,47,68
67,48,26
67,49,32
67,50,9
67,51,17
67,52,26
67,53,25
67,54,52
67,55,16
67,56,129
67,57,36
67,58,62
67,59,61
67,60,6
67,61,18
67,62,0
67,63,31
67,64,483
67,65,33
67,66,25
67,68,20
67,69,38
67,70,207
67,71,10
67,72,47
67,73,0
68,0,2
68,1,0
68,2,16
68,3,6
68,4,3
68,5,1
68,6,0
68,7,1
68,8,0
68,9,1
68,10,9
68,11,1
68,12,5
68,13,48
68,14,166
68,15,15
68,16,4
68,17,90
68,18,1
68,19,5
68,20,51
68,21,35
68,22,5
68,23,61
68,24,14
68,25,35
68,26,19
68,27,10
68,28,2
68,29,1
68,30,13
68,31,46
68,32,14
68,33,14
68,34,29
68,35,17
68,36,37
68,37,27
68,38,17
68,39,10
68,40,3
68,41,3
68,42,4
68,43,20
68,44,5
68,45,29
68,46,16
68,47,64
68,48,10
68,49,19
68,50,5
68,51,2
68,52,4
68,53,7
68,54,14
68,55,3
68,56,18
68,57,5
68,58,28
68,59,22
68,60,22
68,61,5
68,62,0
68,63,8
68,64,18
68,65,2
68,66,4
68,67,24
68,69,20
68,70,105
68,71,4
68,72,3
68,73,1
69,0,4
69,1,3
69,2,72
69,3,135
69,4,40
69,5,1
69,6,1
69,7,8
69,8,10
69,9,1
69,10,9
69,11,4
69,12,25
69,13,183
69,14,547
69,15,91
69,16,33
69,17,282
69,18,2
69,19,9
69,20,46
69,21,41
69,22,17
69,23,85
69,24,109
69,25,219
69,26,65
69,27,30
69,28,3
69,29,3
69,30,15
69,31,21
69,32,50
69,33,47
69,34,80
69,35,58
69,36,107
69,37,70
69,38,60
69,39,40
69,40,17
69,41,9
69,42,14
69,43,50
69,44,12
69,45,48
69,46,123
69,47,98
69,48,24
69,49,39
69,50,27
69,51,6
69,52,27
69,53,9
69,54,40
69,55,29
69,56,42
69,57,65
69,58,136
69,59,37
69,60,37
69,61,36
69,62,0
69,63,19
69,64,140
69,65,12
69,66,10
69,67,36
69,68,12
69,70,364
69,71,19
69,72,23
69,73,5
70,0,219
70,1,5
70,2,290
70,3,260
70,4,170
70,5,32
70,6,73
70,7,29
70,8,79
70,9,53
70,10,28
70,11,55
70,12,280
70,13,1361
70,14,3503
70,15,967
70,16,429
70,17,2066
70,18,80
70,19,273
70,20,231
70,21,344
70,22,195
70,23,1150
70,24,437
70,25,851
70,26,1189
70,27,561
70,28,279
70,29,234
70,30,299
70,31,211
70,32,443
70,33,481
70,34,620
70,35,496
70,36,1006
70,37,953
70,38,1097
70,39,581
70,40,940
70,41,143
70,42,298
70,43,522
70,44,219
70,45,783
70,46,872
70,47,1429
70,48,866
70,49,943
70,50,728
70,51,436
70,52,293
70,53,146
70,54,611
70,55,197
70,56,500
70,57,542
70,58,1235
70,59,547
70,60,904
70,61,837
70,62,60
70,63,162
70,64,800
70,65,238
70,66,125
70,67,481
70,68,164
70,69,612
70,71,410
70,72,1127
70,73,174
71,0,3
71,1,0
71,2,8
71,3,7
71,4,1
71,5,0
71,6,0
71,7,0
71,8,1
71,9,4
71,10,3
71,11,2
71,12,6
71,13,63
71,14,115
71,15,24
71,16,14
71,17,89
71,18,0
71,19,8
71,20,0
71,21,66
71,22,2
71,23,22
71,24,17
71,25,43
71,26,21
71,27,3
71,28,0
71,29,0
71,30,6
71,31,4
71,32,10
71,33,21
71,34,11
71,35,5
71,36,55
71,37,161
71,38,10
71,39,29
71,40,0
71,41,2
71,42,6
71,43,6
71,44,6
71,45,11
71,46,6
71,47,12
71,48,52
71,49,19
71,50,10
71,51,1
71,52,2
71,53,7
71,54,7
71,55,0
71,56,3
71,57,3
71,58,7
71,59,0
71,60,9
71,61,10
71,62,1
71,63,4
71,64,7
71,65,1
71,66,2
71,67,8
71,68,1
71,69,11
71,70,73
71,72,57
71,73,4
72,0,99
72,1,1
72,2,163
72,3,109
72,4,63
72,5,33
72,6,7
72,7,20
72,8,20
72,9,16
72,10,12
72,11,7
72,12,60
72,13,667
72,14,1416
72,15,570
72,16,149
72,17,884
72,18,8
72,19,41
72,20,75
72,21,73
72,22,54
72,23,395
72,24,204
72,25,665
72,26,339
72,27,248
72,28,71
72,29,48
72,30,52
72,31,57
72,32,130
72,33,242
72,34,274
72,35,171
72,36,479
72,37,679
72,38,347
72,39,562
72,40,252
72,41,67
72,42,64
72,43,135
72,44,47
72,45,166
72,46,87
72,47,303
72,48,327
72,49,555
72,50,376
72,51,233
72,52,142
72,53,185
72,54,63
72,55,40
72,56,141
72,57,70
72,58,192
72,59,90
72,60,159
72,61,352
72,62,323
72,63,33
72,64,284
72,65,88
72,66,27
72,67,117
72,68,22
72,69,125
72,70,1010
72,71,137
72,73,319
73,0,0
73,1,1
73,2,41
73,3,9
73,4,0
73,5,0
73,6,0
73,7,0
73,8,1
73,9,0
73,10,2
73,11,0
73,12,1
73,13,39
73,14,54
73,15,17
73,16,4
73,17,22
73,18,2
73,19,2
73,20,4
73,21,5
73,22,1
73,23,30
73,24,4
73,25,27
73,26,12
73,27,14
73,28,6
73,29,11
73,30,3
73,31,1
73,32,1
73,33,22
73,34,9
73,35,8
73,36,12
73,37,30
73,38,22
73,39,17
73,40,11
73,41,1
73,42,3
73,43,0
73,44,1
73,45,4
73,46,0
73,47,7
73,48,18
73,49,22
73,50,21
73,51,15
73,52,4
73,53,2
73,54,5
73,55,0
73,56,20
73,57,2
73,58,8
73,59,3
73,60,16
73,61,6
73,62,6
73,63,2
73,64,12
73,65,1
73,66,0
73,67,2
73,68,1
73,69,2
73,70,81
73,71,3
73,72,110
